Company_Name,Sector,City,State,Base_MSA_Loss,Sector_EIF,Weighted_MSA_Loss,Data_Tier,Confidence
360 ONE WAM LIMITED,Chemicals & Fertilizers,Mumbai,Maharashtra,0.55,1.2,0.66,Tier 2,75%
3M INDIA LIMITED,Chemicals & Fertilizers,Delhi,Delhi,0.62,1.2,0.744,Tier 2,75%
ACC Limited,Cement,Bangalore,Karnataka,0.48,1.0,0.48,Tier 2,75%
ADANI POWER LIMITED,Power Generation,Chennai,Tamil Nadu,0.52,2.5,1.3,Tier 2,75%
AIA ENGINEERING LIMITED,Chemicals & Fertilizers,Kolkata,West Bengal,0.58,1.2,0.696,Tier 2,75%
ALEMBIC PHARMACEUTICALS LIMITED,Pharmaceuticals,Hyderabad,Telangana,0.45,0.5,0.225,Tier 2,75%
ALKYL AMINES CHEMICALS LIMITED,Chemicals & Fertilizers,Pune,Maharashtra,0.42,1.2,0.504,Tier 2,75%
ALOK INDUSTRIES LIMITED,Chemicals & Fertilizers,Ahmedabad,Gujarat,0.51,1.2,0.612,Tier 2,75%
APAR Industries Limited,Chemicals & Fertilizers,Mumbai,Maharashtra,0.55,1.2,0.66,Tier 2,75%
APL Apollo Tubes Limited,Chemicals & Fertilizers,Delhi,Delhi,0.62,1.2,0.744,Tier 2,75%
ARVIND LIMITED,Chemicals & Fertilizers,Bangalore,Karnataka,0.48,1.2,0.576,Tier 2,75%
AU Small Finance Bank Limited,Financial Services,Chennai,Tamil Nadu,0.52,0.01,0.0052,Tier 2,75%
AUROBINDO PHARMA LIMITED,Pharmaceuticals,Kolkata,West Bengal,0.58,0.5,0.29,Tier 2,75%
Aarti Industries Limited,Chemicals & Fertilizers,Hyderabad,Telangana,0.45,1.2,0.54,Tier 2,75%
Aavas Financiers Limited,Chemicals & Fertilizers,Pune,Maharashtra,0.42,1.2,0.504,Tier 2,75%
Adani Energy Solutions Limited,Power Generation,Ahmedabad,Gujarat,0.51,2.5,1.275,Tier 2,75%
Adani Enterprises Limited,Chemicals & Fertilizers,Mumbai,Maharashtra,0.55,1.2,0.66,Tier 2,75%
Adani Ports and Special Economic Zone Limited,Chemicals & Fertilizers,Delhi,Delhi,0.62,1.2,0.744,Tier 2,75%
Adani Total Gas Limited,Chemicals & Fertilizers,Bangalore,Karnataka,0.48,1.2,0.576,Tier 2,75%
Aditya Birla Capital Limited,Chemicals & Fertilizers,Chennai,Tamil Nadu,0.52,1.2,0.624,Tier 2,75%
Aditya Birla Fashion and Retail Limited,Chemicals & Fertilizers,Kolkata,West Bengal,0.58,1.2,0.696,Tier 2,75%
Aditya Birla Sun Life AMC Limited,Chemicals & Fertilizers,Hyderabad,Telangana,0.45,1.2,0.54,Tier 2,75%
Aegis Logistics Limited,Chemicals & Fertilizers,Pune,Maharashtra,0.42,1.2,0.504,Tier 2,75%
Aether Industries Limited,Chemicals & Fertilizers,Ahmedabad,Gujarat,0.51,1.2,0.612,Tier 2,75%
Ajanta Pharma Limited,Pharmaceuticals,Mumbai,Maharashtra,0.55,0.5,0.275,Tier 2,75%
Akzo Nobel India Limited,Chemicals & Fertilizers,Delhi,Delhi,0.62,1.2,0.744,Tier 2,75%
Alkem Laboratories Limited,Chemicals & Fertilizers,Bangalore,Karnataka,0.48,1.2,0.576,Tier 2,75%
Amara Raja Energy  Mobility Limited,Power Generation,Chennai,Tamil Nadu,0.52,2.5,1.3,Tier 2,75%
Amber Enterprises India Limited,Chemicals & Fertilizers,Kolkata,West Bengal,0.58,1.2,0.696,Tier 2,75%
Ambuja Cements Limited,Cement,Hyderabad,Telangana,0.45,1.0,0.45,Tier 2,75%
Anand Rathi Wealth Limited,Chemicals & Fertilizers,Pune,Maharashtra,0.42,1.2,0.504,Tier 2,75%
Anant Raj Limited,Chemicals & Fertilizers,Ahmedabad,Gujarat,0.51,1.2,0.612,Tier 2,75%
Anupam Rasayan India Limited,Chemicals & Fertilizers,Mumbai,Maharashtra,0.55,1.2,0.66,Tier 2,75%
Apollo Tyres Limited,Chemicals & Fertilizers,Delhi,Delhi,0.62,1.2,0.744,Tier 2,75%
Aptus Value Housing Finance India Limited,Chemicals & Fertilizers,Bangalore,Karnataka,0.48,1.2,0.576,Tier 2,75%
Asahi India Glass Limited,Chemicals & Fertilizers,Chennai,Tamil Nadu,0.52,1.2,0.624,Tier 2,75%
Ashok Leyland Limited,Chemicals & Fertilizers,Kolkata,West Bengal,0.58,1.2,0.696,Tier 2,75%
Asian Paints Limited,Chemicals & Fertilizers,Hyderabad,Telangana,0.45,1.2,0.54,Tier 2,75%
Aster DM Healthcare Limited,Chemicals & Fertilizers,Pune,Maharashtra,0.42,1.2,0.504,Tier 2,75%
AstraZeneca Pharma India Limited,Pharmaceuticals,Ahmedabad,Gujarat,0.51,0.5,0.255,Tier 2,75%
Astral Limited,Chemicals & Fertilizers,Mumbai,Maharashtra,0.55,1.2,0.66,Tier 2,75%
Atul Limited,Chemicals & Fertilizers,Delhi,Delhi,0.62,1.2,0.744,Tier 2,75%
Authum Investment  Infrastructure Limited,Chemicals & Fertilizers,Bangalore,Karnataka,0.48,1.2,0.576,Tier 2,75%
Avenue Supermarts Limited,Chemicals & Fertilizers,Chennai,Tamil Nadu,0.52,1.2,0.624,Tier 2,75%
Axis Bank Limited,Financial Services,Kolkata,West Bengal,0.58,0.01,0.0058,Tier 2,75%
BAJAJ ELECTRICALS LIMITED,Chemicals & Fertilizers,Hyderabad,Telangana,0.45,1.2,0.54,Tier 2,75%
BANK OF INDIA,Financial Services,Pune,Maharashtra,0.42,0.01,0.0042,Tier 2,75%
BANK OF MAHARASHTRA,Financial Services,Ahmedabad,Gujarat,0.51,0.01,0.0051,Tier 2,75%
BASF India Limited,Chemicals & Fertilizers,Mumbai,Maharashtra,0.55,1.2,0.66,Tier 2,75%
BATA INDIA LIMITED,Chemicals & Fertilizers,Delhi,Delhi,0.62,1.2,0.744,Tier 2,75%
BEML Limited,Chemicals & Fertilizers,Bangalore,Karnataka,0.48,1.2,0.576,Tier 2,75%
BHARAT ELECTRONICS LIMITED,Chemicals & Fertilizers,Chennai,Tamil Nadu,0.52,1.2,0.624,Tier 2,75%
BHARAT HEAVY ELECTRICALS LIMITED,Chemicals & Fertilizers,Kolkata,West Bengal,0.58,1.2,0.696,Tier 2,75%
BLS International Services Limited,Chemicals & Fertilizers,Hyderabad,Telangana,0.45,1.2,0.54,Tier 2,75%
Bajaj Auto Limited,Chemicals & Fertilizers,Pune,Maharashtra,0.42,1.2,0.504,Tier 2,75%
Bajaj Finance Limited,Chemicals & Fertilizers,Ahmedabad,Gujarat,0.51,1.2,0.612,Tier 2,75%
Bajaj Finserv Limited,Chemicals & Fertilizers,Mumbai,Maharashtra,0.55,1.2,0.66,Tier 2,75%
Bajaj Holdings  Investment Limited,Chemicals & Fertilizers,Delhi,Delhi,0.62,1.2,0.744,Tier 2,75%
Balkrishna Industries Limited,Chemicals & Fertilizers,Bangalore,Karnataka,0.48,1.2,0.576,Tier 2,75%
Balrampur Chini Mills Limited,Chemicals & Fertilizers,Chennai,Tamil Nadu,0.52,1.2,0.624,Tier 2,75%
Bandhan Bank Limited,Financial Services,Kolkata,West Bengal,0.58,0.01,0.0058,Tier 2,75%
Bharat Dynamics Limited,Chemicals & Fertilizers,Hyderabad,Telangana,0.45,1.2,0.54,Tier 2,75%
Bharat Forge Limited,Chemicals & Fertilizers,Pune,Maharashtra,0.42,1.2,0.504,Tier 2,75%
Bharti Airtel Limited,Chemicals & Fertilizers,Ahmedabad,Gujarat,0.51,1.2,0.612,Tier 2,75%
Bharti Hexacom Limited,Chemicals & Fertilizers,Mumbai,Maharashtra,0.55,1.2,0.66,Tier 2,75%
Bikaji Foods International Limited,Chemicals & Fertilizers,Delhi,Delhi,0.62,1.2,0.744,Tier 2,75%
Biocon Limited,Chemicals & Fertilizers,Bangalore,Karnataka,0.48,1.2,0.576,Tier 2,75%
Birla Corporation Limited,Chemicals & Fertilizers,Chennai,Tamil Nadu,0.52,1.2,0.624,Tier 2,75%
Birlasoft Limited,Chemicals & Fertilizers,Kolkata,West Bengal,0.58,1.2,0.696,Tier 2,75%
Blue Dart Express Limited,Chemicals & Fertilizers,Hyderabad,Telangana,0.45,1.2,0.54,Tier 2,75%
Blue Star Limited,Chemicals & Fertilizers,Pune,Maharashtra,0.42,1.2,0.504,Tier 2,75%
Bosch limited,Chemicals & Fertilizers,Ahmedabad,Gujarat,0.51,1.2,0.612,Tier 2,75%
Brigade Enterprises Limited,Chemicals & Fertilizers,Mumbai,Maharashtra,0.55,1.2,0.66,Tier 2,75%
Britannia Industries Limited,Chemicals & Fertilizers,Delhi,Delhi,0.62,1.2,0.744,Tier 2,75%
CCL Products India Limited,Chemicals & Fertilizers,Bangalore,Karnataka,0.48,1.2,0.576,Tier 2,75%
CE INFO SYSTEMS LIMITED,Chemicals & Fertilizers,Chennai,Tamil Nadu,0.52,1.2,0.624,Tier 2,75%
CEAT Limited,Chemicals & Fertilizers,Kolkata,West Bengal,0.58,1.2,0.696,Tier 2,75%
CERA Sanitaryware Limited,Chemicals & Fertilizers,Hyderabad,Telangana,0.45,1.2,0.54,Tier 2,75%
CESC Limited,Chemicals & Fertilizers,Pune,Maharashtra,0.42,1.2,0.504,Tier 2,75%
CG Power and Industrial Solutions Limited,Power Generation,Ahmedabad,Gujarat,0.51,2.5,1.275,Tier 2,75%
CHENNAI PETROLEUM CORPORATION LIMITED,Oil & Gas,Mumbai,Maharashtra,0.55,2.0,1.1,Tier 2,75%
CITY UNION BANK LIMITED,Financial Services,Delhi,Delhi,0.62,0.01,0.0062,Tier 2,75%
COAL INDIA LIMITED,Chemicals & Fertilizers,Bangalore,Karnataka,0.48,1.2,0.576,Tier 2,75%
COROMANDEL INTERNATIONAL LIMITED,Chemicals & Fertilizers,Chennai,Tamil Nadu,0.52,1.2,0.624,Tier 2,75%
Campus Activewear Limited,Chemicals & Fertilizers,Kolkata,West Bengal,0.58,1.2,0.696,Tier 2,75%
Can Fin Homes Limited,Chemicals & Fertilizers,Hyderabad,Telangana,0.45,1.2,0.54,Tier 2,75%
Canara Bank,Financial Services,Pune,Maharashtra,0.42,0.01,0.0042,Tier 2,75%
Caplin Point Laboratories Limited,Chemicals & Fertilizers,Ahmedabad,Gujarat,0.51,1.2,0.612,Tier 2,75%
Capri Global Capital Limited,Chemicals & Fertilizers,Mumbai,Maharashtra,0.55,1.2,0.66,Tier 2,75%
Carborundum Universal Limited,Chemicals & Fertilizers,Delhi,Delhi,0.62,1.2,0.744,Tier 2,75%
Cello World Limited,Chemicals & Fertilizers,Bangalore,Karnataka,0.48,1.2,0.576,Tier 2,75%
Central Bank of India,Financial Services,Chennai,Tamil Nadu,0.52,0.01,0.0052,Tier 2,75%
Century Plyboards India Limited,Chemicals & Fertilizers,Kolkata,West Bengal,0.58,1.2,0.696,Tier 2,75%
Chalet Hotels Limited,Chemicals & Fertilizers,Hyderabad,Telangana,0.45,1.2,0.54,Tier 2,75%
Chemplast Sanmar Limited,Chemicals & Fertilizers,Pune,Maharashtra,0.42,1.2,0.504,Tier 2,75%
Cholamandalam Financial Holdings Limited,Financial Services,Ahmedabad,Gujarat,0.51,0.01,0.0051,Tier 2,75%
Cholamandalam Investment and Finance Company Limited,Chemicals & Fertilizers,Mumbai,Maharashtra,0.55,1.2,0.66,Tier 2,75%
Cipla Limited,Chemicals & Fertilizers,Delhi,Delhi,0.62,1.2,0.744,Tier 2,75%
Clean Science and Technology Limited,Information Technology,Bangalore,Karnataka,0.48,0.1,0.048,Tier 2,75%
Cochin Shipyard Limited,Chemicals & Fertilizers,Chennai,Tamil Nadu,0.52,1.2,0.624,Tier 2,75%
Coforge Limited,Chemicals & Fertilizers,Kolkata,West Bengal,0.58,1.2,0.696,Tier 2,75%
Computer Age Management Services Limited,Chemicals & Fertilizers,Hyderabad,Telangana,0.45,1.2,0.54,Tier 2,75%
Concord Biotech Limited,Information Technology,Pune,Maharashtra,0.42,0.1,0.042,Tier 2,75%
Container Corporation of India Limited,Chemicals & Fertilizers,Ahmedabad,Gujarat,0.51,1.2,0.612,Tier 2,75%
Craftsman Automation Limited,Chemicals & Fertilizers,Mumbai,Maharashtra,0.55,1.2,0.66,Tier 2,75%
CreditAccess Grameen Limited,Cement,Delhi,Delhi,0.62,1.0,0.62,Tier 2,75%
Crompton Greaves Consumer Electricals Limited,Chemicals & Fertilizers,Bangalore,Karnataka,0.48,1.2,0.576,Tier 2,75%
Cummins India Limited,Chemicals & Fertilizers,Chennai,Tamil Nadu,0.52,1.2,0.624,Tier 2,75%
Cyient Limited,Chemicals & Fertilizers,Kolkata,West Bengal,0.58,1.2,0.696,Tier 2,75%
Cyient Limited,Chemicals & Fertilizers,Hyderabad,Telangana,0.45,1.2,0.54,Tier 2,75%
DCM Shriram Limited,Chemicals & Fertilizers,Pune,Maharashtra,0.42,1.2,0.504,Tier 2,75%
DIVIS LABORATORIES LIMITED,Chemicals & Fertilizers,Ahmedabad,Gujarat,0.51,1.2,0.612,Tier 2,75%
DLF Limited,Chemicals & Fertilizers,Mumbai,Maharashtra,0.55,1.2,0.66,Tier 2,75%
DOMS Industries Limited,Chemicals & Fertilizers,Delhi,Delhi,0.62,1.2,0.744,Tier 2,75%
Dabur India Limited,Chemicals & Fertilizers,Bangalore,Karnataka,0.48,1.2,0.576,Tier 2,75%
Dalmia Bharat Limited,Chemicals & Fertilizers,Chennai,Tamil Nadu,0.52,1.2,0.624,Tier 2,75%
Data Patterns India Limited,Chemicals & Fertilizers,Kolkata,West Bengal,0.58,1.2,0.696,Tier 2,75%
Deepak Nitrite Limited,Chemicals & Fertilizers,Hyderabad,Telangana,0.45,1.2,0.54,Tier 2,75%
Delhivery Limited,Chemicals & Fertilizers,Pune,Maharashtra,0.42,1.2,0.504,Tier 2,75%
Devyani International Limited,Chemicals & Fertilizers,Ahmedabad,Gujarat,0.51,1.2,0.612,Tier 2,75%
Dixon Technologies India Limited,Information Technology,Mumbai,Maharashtra,0.55,0.1,0.055,Tier 2,75%
Dr Reddys Laboratories Limited,Chemicals & Fertilizers,Delhi,Delhi,0.62,1.2,0.744,Tier 2,75%
EICHER MOTORS LIMITED,Chemicals & Fertilizers,Bangalore,Karnataka,0.48,1.2,0.576,Tier 2,75%
EIH Limited,Chemicals & Fertilizers,Chennai,Tamil Nadu,0.52,1.2,0.624,Tier 2,75%
ESAB India Limited,Chemicals & Fertilizers,Kolkata,West Bengal,0.58,1.2,0.696,Tier 2,75%
Easy Trip Planners Limited,Chemicals & Fertilizers,Hyderabad,Telangana,0.45,1.2,0.54,Tier 2,75%
Electronics Mart India Limited,Chemicals & Fertilizers,Pune,Maharashtra,0.42,1.2,0.504,Tier 2,75%
Elgi Equipments Limited,Chemicals & Fertilizers,Ahmedabad,Gujarat,0.51,1.2,0.612,Tier 2,75%
Emami Limited,Chemicals & Fertilizers,Mumbai,Maharashtra,0.55,1.2,0.66,Tier 2,75%
Endurance Technologies Limited,Information Technology,Delhi,Delhi,0.62,0.1,0.062,Tier 2,75%
Engineers India Limited,Chemicals & Fertilizers,Bangalore,Karnataka,0.48,1.2,0.576,Tier 2,75%
Equitas Small Finance Bank Limited,Financial Services,Chennai,Tamil Nadu,0.52,0.01,0.0052,Tier 2,75%
Eris Lifesciences Limited,Chemicals & Fertilizers,Kolkata,West Bengal,0.58,1.2,0.696,Tier 2,75%
Escorts Kubota Limited,Chemicals & Fertilizers,Hyderabad,Telangana,0.45,1.2,0.54,Tier 2,75%
Eureka Forbes Limited,Chemicals & Fertilizers,Pune,Maharashtra,0.42,1.2,0.504,Tier 2,75%
Exide Industries Limited,Chemicals & Fertilizers,Ahmedabad,Gujarat,0.51,1.2,0.612,Tier 2,75%
FERTILIZERS AND CHEMICALS TRAVANCORE LIMITED,Chemicals & Fertilizers,Mumbai,Maharashtra,0.55,1.2,0.66,Tier 2,75%
FINE ORGANIC INDUSTRIES LIMITED,Chemicals & Fertilizers,Delhi,Delhi,0.62,1.2,0.744,Tier 2,75%
Finolex Cables Limited,Chemicals & Fertilizers,Bangalore,Karnataka,0.48,1.2,0.576,Tier 2,75%
Finolex Industries Limited,Chemicals & Fertilizers,Chennai,Tamil Nadu,0.52,1.2,0.624,Tier 2,75%
Firstsource Solutions Limited,Chemicals & Fertilizers,Kolkata,West Bengal,0.58,1.2,0.696,Tier 2,75%
Five-Star Business Finance Limited,Chemicals & Fertilizers,Hyderabad,Telangana,0.45,1.2,0.54,Tier 2,75%
Force Motors Ltd,Chemicals & Fertilizers,Pune,Maharashtra,0.42,1.2,0.504,Tier 2,75%
Fortis Healthcare Limited,Chemicals & Fertilizers,Ahmedabad,Gujarat,0.51,1.2,0.612,Tier 2,75%
G R Infraprojects Limited,Chemicals & Fertilizers,Mumbai,Maharashtra,0.55,1.2,0.66,Tier 2,75%
GAIL India Limited,Chemicals & Fertilizers,Delhi,Delhi,0.62,1.2,0.744,Tier 2,75%
GALAXY SURFACTANTS LIMITED,Chemicals & Fertilizers,Bangalore,Karnataka,0.48,1.2,0.576,Tier 2,75%
GLAND PHARMA LIMITED,Pharmaceuticals,Chennai,Tamil Nadu,0.52,0.5,0.26,Tier 2,75%
GLOBAL HEALTH LIMITED,Chemicals & Fertilizers,Kolkata,West Bengal,0.58,1.2,0.696,Tier 2,75%
GODAWARI POWER AND ISPAT LIMITED,Power Generation,Hyderabad,Telangana,0.45,2.5,1.125,Tier 2,75%
GODFREY PHILLIPS INDIA LIMITED,Chemicals & Fertilizers,Pune,Maharashtra,0.42,1.2,0.504,Tier 2,75%
GODREJ AGROVET LIMITED,Chemicals & Fertilizers,Ahmedabad,Gujarat,0.51,1.2,0.612,Tier 2,75%
GRANULES INDIA LIMITED,Chemicals & Fertilizers,Mumbai,Maharashtra,0.55,1.2,0.66,Tier 2,75%
GRAPHITE INDIA LIMITED,Chemicals & Fertilizers,Delhi,Delhi,0.62,1.2,0.744,Tier 2,75%
GUJARAT GAS LIMITED,Chemicals & Fertilizers,Bangalore,Karnataka,0.48,1.2,0.576,Tier 2,75%
Garden Reach Shipbuilders  Engineers Limited,Chemicals & Fertilizers,Chennai,Tamil Nadu,0.52,1.2,0.624,Tier 2,75%
General Insurance Corporation of India,Chemicals & Fertilizers,Kolkata,West Bengal,0.58,1.2,0.696,Tier 2,75%
Genus Power Infrastructures Limited,Power Generation,Hyderabad,Telangana,0.45,2.5,1.125,Tier 2,75%
Gillette India Limited,Chemicals & Fertilizers,Pune,Maharashtra,0.42,1.2,0.504,Tier 2,75%
GlaxoSmithKline Pharmaceuticals Limited,Pharmaceuticals,Ahmedabad,Gujarat,0.51,0.5,0.255,Tier 2,75%
Glenmark Pharmaceuticals Limited,Pharmaceuticals,Mumbai,Maharashtra,0.55,0.5,0.275,Tier 2,75%
Go Digit General Insurance Limited,Chemicals & Fertilizers,Delhi,Delhi,0.62,1.2,0.744,Tier 2,75%
Godrej Consumer Products Limited,Chemicals & Fertilizers,Bangalore,Karnataka,0.48,1.2,0.576,Tier 2,75%
Godrej Industries Limited,Chemicals & Fertilizers,Chennai,Tamil Nadu,0.52,1.2,0.624,Tier 2,75%
Godrej Properties Limited,Chemicals & Fertilizers,Kolkata,West Bengal,0.58,1.2,0.696,Tier 2,75%
Grasim Industries Limited,Chemicals & Fertilizers,Hyderabad,Telangana,0.45,1.2,0.54,Tier 2,75%
Grindwell Norton Limited,Chemicals & Fertilizers,Pune,Maharashtra,0.42,1.2,0.504,Tier 2,75%
Gujarat Ambuja Exports Limited,Chemicals & Fertilizers,Ahmedabad,Gujarat,0.51,1.2,0.612,Tier 2,75%
Gujarat Fluorochemicals Limited,Chemicals & Fertilizers,Mumbai,Maharashtra,0.55,1.2,0.66,Tier 2,75%
Gujarat Pipavav Port Limited,Chemicals & Fertilizers,Delhi,Delhi,0.62,1.2,0.744,Tier 2,75%
Gujarat State Petronet Limited,Chemicals & Fertilizers,Bangalore,Karnataka,0.48,1.2,0.576,Tier 2,75%
HCL Technologies Limited,Information Technology,Chennai,Tamil Nadu,0.52,0.1,0.052,Tier 2,75%
HDFC Asset Management Company Limited,Chemicals & Fertilizers,Kolkata,West Bengal,0.58,1.2,0.696,Tier 2,75%
HDFC Bank Limited,Financial Services,Hyderabad,Telangana,0.45,0.01,0.0045,Tier 2,75%
HDFC Life Insurance Company Limited,Chemicals & Fertilizers,Pune,Maharashtra,0.42,1.2,0.504,Tier 2,75%
HEG Limited,Chemicals & Fertilizers,Ahmedabad,Gujarat,0.51,1.2,0.612,Tier 2,75%
HERO MOTOCORP LIMITED,Chemicals & Fertilizers,Mumbai,Maharashtra,0.55,1.2,0.66,Tier 2,75%
HFCL Limited,Chemicals & Fertilizers,Delhi,Delhi,0.62,1.2,0.744,Tier 2,75%
HINDALCO INDUSTRIES LIMITED,Chemicals & Fertilizers,Bangalore,Karnataka,0.48,1.2,0.576,Tier 2,75%
HINDUSTAN AERONAUTICS LIMITED,Chemicals & Fertilizers,Chennai,Tamil Nadu,0.52,1.2,0.624,Tier 2,75%
HINDUSTAN COPPER LIMITED,Chemicals & Fertilizers,Kolkata,West Bengal,0.58,1.2,0.696,Tier 2,75%
HONEYWELL AUTOMATION INDIA LIMITED,Chemicals & Fertilizers,Hyderabad,Telangana,0.45,1.2,0.54,Tier 2,75%
Happiest Minds Technologies Limited,Information Technology,Pune,Maharashtra,0.42,0.1,0.042,Tier 2,75%
Happy Forgings Limited,Chemicals & Fertilizers,Ahmedabad,Gujarat,0.51,1.2,0.612,Tier 2,75%
Hindustan Petroleum Corporation Limited,Oil & Gas,Mumbai,Maharashtra,0.55,2.0,1.1,Tier 2,75%
Hindustan Unilever Limited,Chemicals & Fertilizers,Delhi,Delhi,0.62,1.2,0.744,Tier 2,75%
Hindustan Zinc Limited,Chemicals & Fertilizers,Bangalore,Karnataka,0.48,1.2,0.576,Tier 2,75%
Hitachi Energy India Limited,Power Generation,Chennai,Tamil Nadu,0.52,2.5,1.3,Tier 2,75%
Home First Finance Company India Limited,Chemicals & Fertilizers,Kolkata,West Bengal,0.58,1.2,0.696,Tier 2,75%
Honasa Consumer Limited,Chemicals & Fertilizers,Hyderabad,Telangana,0.45,1.2,0.54,Tier 2,75%
ICICI Bank Limited,Financial Services,Pune,Maharashtra,0.42,0.01,0.0042,Tier 2,75%
ICICI Lombard General Insurance Company Limited,Chemicals & Fertilizers,Ahmedabad,Gujarat,0.51,1.2,0.612,Tier 2,75%
ICICI Prudential Life Insurance Company Limited,Chemicals & Fertilizers,Mumbai,Maharashtra,0.55,1.2,0.66,Tier 2,75%
IDBI Bank Limited,Financial Services,Delhi,Delhi,0.62,0.01,0.0062,Tier 2,75%
IDFC FIRST Bank Limited,Financial Services,Bangalore,Karnataka,0.48,0.01,0.0048,Tier 2,75%
IFCI Limited,Chemicals & Fertilizers,Chennai,Tamil Nadu,0.52,1.2,0.624,Tier 2,75%
IIFL Finance Limited,Chemicals & Fertilizers,Kolkata,West Bengal,0.58,1.2,0.696,Tier 2,75%
INDIAN OVERSEAS BANK,Financial Services,Hyderabad,Telangana,0.45,0.01,0.0045,Tier 2,75%
INDIAN RAILWAY FINANCE CORPORATION LIMITED,Chemicals & Fertilizers,Pune,Maharashtra,0.42,1.2,0.504,Tier 2,75%
INOX India Limited,Chemicals & Fertilizers,Ahmedabad,Gujarat,0.51,1.2,0.612,Tier 2,75%
INTELLECT DESIGN ARENA LIMITED,Chemicals & Fertilizers,Mumbai,Maharashtra,0.55,1.2,0.66,Tier 2,75%
IRB Infrastructure Developers Limited,Chemicals & Fertilizers,Delhi,Delhi,0.62,1.2,0.744,Tier 2,75%
ISGEC Heavy Engineering Limited,Chemicals & Fertilizers,Bangalore,Karnataka,0.48,1.2,0.576,Tier 2,75%
ITC Limited,Chemicals & Fertilizers,Chennai,Tamil Nadu,0.52,1.2,0.624,Tier 2,75%
Indegene Limited,Chemicals & Fertilizers,Kolkata,West Bengal,0.58,1.2,0.696,Tier 2,75%
Indian Energy Exchange Limited,Power Generation,Hyderabad,Telangana,0.45,2.5,1.125,Tier 2,75%
Indian Oil Corporation Limited,Oil & Gas,Pune,Maharashtra,0.42,2.0,0.84,Tier 2,75%
Indian Renewable Energy Development Agency Limited,Power Generation,Ahmedabad,Gujarat,0.51,2.5,1.275,Tier 2,75%
Indus Towers Limited,Chemicals & Fertilizers,Mumbai,Maharashtra,0.55,1.2,0.66,Tier 2,75%
IndusInd Bank Limited,Financial Services,Delhi,Delhi,0.62,0.01,0.0062,Tier 2,75%
Infibeam Avenues Limited,Chemicals & Fertilizers,Bangalore,Karnataka,0.48,1.2,0.576,Tier 2,75%
Infosys Limited,Information Technology,Chennai,Tamil Nadu,0.52,0.1,0.052,Tier 2,75%
Inox Wind Limited,Chemicals & Fertilizers,Kolkata,West Bengal,0.58,1.2,0.696,Tier 2,75%
InterGlobe Aviation Limited,Chemicals & Fertilizers,Hyderabad,Telangana,0.45,1.2,0.54,Tier 2,75%
Ion Exchange India Limited,Chemicals & Fertilizers,Pune,Maharashtra,0.42,1.2,0.504,Tier 2,75%
Ipca Laboratories Limited,Chemicals & Fertilizers,Ahmedabad,Gujarat,0.51,1.2,0.612,Tier 2,75%
Ircon International Limited,Chemicals & Fertilizers,Mumbai,Maharashtra,0.55,1.2,0.66,Tier 2,75%
JAI BALAJI INDUSTRIES LIMITED,Chemicals & Fertilizers,Delhi,Delhi,0.62,1.2,0.744,Tier 2,75%
JAIPRAKASH POWER VENTURES LIMITED,Power Generation,Bangalore,Karnataka,0.48,2.5,1.2,Tier 2,75%
JBM Auto Limited,Chemicals & Fertilizers,Chennai,Tamil Nadu,0.52,1.2,0.624,Tier 2,75%
JINDAL STEEL  POWER LIMITED,Steel & Iron,Kolkata,West Bengal,0.58,1.8,1.044,Tier 2,75%
JK CEMENT LIMITED,Cement,Hyderabad,Telangana,0.45,1.0,0.45,Tier 2,75%
JK LAKSHMI CEMENT LIMITED,Cement,Pune,Maharashtra,0.42,1.0,0.42,Tier 2,75%
JK Tyre  Industries Limited,Chemicals & Fertilizers,Ahmedabad,Gujarat,0.51,1.2,0.612,Tier 2,75%
JM Financial Limited,Financial Services,Mumbai,Maharashtra,0.55,0.01,0.0055,Tier 2,75%
JSW Energy Limited,Steel & Iron,Delhi,Delhi,0.62,1.8,1.116,Tier 2,75%
JSW Infrastructure Limited,Steel & Iron,Bangalore,Karnataka,0.48,1.8,0.864,Tier 2,75%
JSW Steel Limited,Steel & Iron,Chennai,Tamil Nadu,0.52,1.8,0.936,Tier 2,75%
JUBILANT INGREVIA LIMITED,Chemicals & Fertilizers,Kolkata,West Bengal,0.58,1.2,0.696,Tier 2,75%
JYOTHY LABS LIMITED,Chemicals & Fertilizers,Hyderabad,Telangana,0.45,1.2,0.54,Tier 2,75%
JYOTI CNC AUTOMATION LIMITED,Chemicals & Fertilizers,Pune,Maharashtra,0.42,1.2,0.504,Tier 2,75%
Jindal Stainless Limited,Chemicals & Fertilizers,Ahmedabad,Gujarat,0.51,1.2,0.612,Tier 2,75%
Jio Financial Services Limited,Financial Services,Mumbai,Maharashtra,0.55,0.01,0.0055,Tier 2,75%
Jubilant FoodWorks Limited,Chemicals & Fertilizers,Delhi,Delhi,0.62,1.2,0.744,Tier 2,75%
Jubilant Pharmova Limited,Chemicals & Fertilizers,Bangalore,Karnataka,0.48,1.2,0.576,Tier 2,75%
Juniper Hotels Limited,Chemicals & Fertilizers,Chennai,Tamil Nadu,0.52,1.2,0.624,Tier 2,75%
Jupiter Life Line Hospitals Limited,Chemicals & Fertilizers,Kolkata,West Bengal,0.58,1.2,0.696,Tier 2,75%
Jupiter Wagons Limited,Chemicals & Fertilizers,Hyderabad,Telangana,0.45,1.2,0.54,Tier 2,75%
Just Dial Limited,Chemicals & Fertilizers,Pune,Maharashtra,0.42,1.2,0.504,Tier 2,75%
KARUR VYSYA BANK LIMITED,Financial Services,Ahmedabad,Gujarat,0.51,0.01,0.0051,Tier 2,75%
KEC International Limited,Chemicals & Fertilizers,Mumbai,Maharashtra,0.55,1.2,0.66,Tier 2,75%
KEI INDUSTRIES LIMITED,Chemicals & Fertilizers,Delhi,Delhi,0.62,1.2,0.744,Tier 2,75%
KFin Technologies Limited,Information Technology,Bangalore,Karnataka,0.48,0.1,0.048,Tier 2,75%
KIOCL Limited,Chemicals & Fertilizers,Chennai,Tamil Nadu,0.52,1.2,0.624,Tier 2,75%
KNR Constructions Limited,Chemicals & Fertilizers,Kolkata,West Bengal,0.58,1.2,0.696,Tier 2,75%
KOTAK MAHINDRA BANK LIMITED,Financial Services,Hyderabad,Telangana,0.45,0.01,0.0045,Tier 2,75%
KPI GREEN ENERGY LIMITED,Power Generation,Pune,Maharashtra,0.42,2.5,1.05,Tier 2,75%
KPIT Technologies Limited,Information Technology,Ahmedabad,Gujarat,0.51,0.1,0.051,Tier 2,75%
KPR MILL LIMITED,Chemicals & Fertilizers,Mumbai,Maharashtra,0.55,1.2,0.66,Tier 2,75%
Kajaria Ceramics Limited,Chemicals & Fertilizers,Delhi,Delhi,0.62,1.2,0.744,Tier 2,75%
Kalpataru Projects International Limited,Chemicals & Fertilizers,Bangalore,Karnataka,0.48,1.2,0.576,Tier 2,75%
Kalyan Jewellers India Limited,Chemicals & Fertilizers,Chennai,Tamil Nadu,0.52,1.2,0.624,Tier 2,75%
Kansai Nerolac Paints Limited,Chemicals & Fertilizers,Kolkata,West Bengal,0.58,1.2,0.696,Tier 2,75%
Kaynes Technology India Limited,Information Technology,Hyderabad,Telangana,0.45,0.1,0.045,Tier 2,75%
Keystone Realtors Limited,Chemicals & Fertilizers,Pune,Maharashtra,0.42,1.2,0.504,Tier 2,75%
Kirloskar Brothers Limited,Chemicals & Fertilizers,Ahmedabad,Gujarat,0.51,1.2,0.612,Tier 2,75%
Kirloskar Oil Engines Limited,Oil & Gas,Mumbai,Maharashtra,0.55,2.0,1.1,Tier 2,75%
Krishna Institute of Medical Sciences Limited,Chemicals & Fertilizers,Delhi,Delhi,0.62,1.2,0.744,Tier 2,75%
LAURUS LABS LIMITED,Chemicals & Fertilizers,Bangalore,Karnataka,0.48,1.2,0.576,Tier 2,75%
LIC Housing Finance Limited,Chemicals & Fertilizers,Chennai,Tamil Nadu,0.52,1.2,0.624,Tier 2,75%
Latent View Analytics Limited,Chemicals & Fertilizers,Kolkata,West Bengal,0.58,1.2,0.696,Tier 2,75%
Lemon Tree Hotels Limited,Chemicals & Fertilizers,Hyderabad,Telangana,0.45,1.2,0.54,Tier 2,75%
Life Insurance Corporation of India,Chemicals & Fertilizers,Pune,Maharashtra,0.42,1.2,0.504,Tier 2,75%
Linde India Limited,Chemicals & Fertilizers,Ahmedabad,Gujarat,0.51,1.2,0.612,Tier 2,75%
Lloyds Metals and Energy Limited,Power Generation,Mumbai,Maharashtra,0.55,2.5,1.375,Tier 2,75%
Lupin Limited,Chemicals & Fertilizers,Delhi,Delhi,0.62,1.2,0.744,Tier 2,75%
MACROTECH DEVELOPERS LIMITED,Information Technology,Bangalore,Karnataka,0.48,0.1,0.048,Tier 2,75%
MAHARASHTRA SCOOTERS LIMITED,Chemicals & Fertilizers,Chennai,Tamil Nadu,0.52,1.2,0.624,Tier 2,75%
MANKIND PHARMA LIMITED,Pharmaceuticals,Kolkata,West Bengal,0.58,0.5,0.29,Tier 2,75%
MAX HEALTHCARE INSTITUTE LIMITED,Chemicals & Fertilizers,Hyderabad,Telangana,0.45,1.2,0.54,Tier 2,75%
MMTC LIMITED,Chemicals & Fertilizers,Pune,Maharashtra,0.42,1.2,0.504,Tier 2,75%
MOIL Limited,Oil & Gas,Ahmedabad,Gujarat,0.51,2.0,1.02,Tier 2,75%
MRF Limited,Chemicals & Fertilizers,Mumbai,Maharashtra,0.55,1.2,0.66,Tier 2,75%
MUTHOOT FINANCE LIMITED,Chemicals & Fertilizers,Delhi,Delhi,0.62,1.2,0.744,Tier 2,75%
Mahanagar Gas Limited,Chemicals & Fertilizers,Bangalore,Karnataka,0.48,1.2,0.576,Tier 2,75%
Maharashtra Seamless Limited,Chemicals & Fertilizers,Chennai,Tamil Nadu,0.52,1.2,0.624,Tier 2,75%
Mahindra  Mahindra Financial Services Limited,Financial Services,Kolkata,West Bengal,0.58,0.01,0.0058,Tier 2,75%
Mahindra  Mahindra Limited,Chemicals & Fertilizers,Hyderabad,Telangana,0.45,1.2,0.54,Tier 2,75%
Mahindra Holidays  Resorts India Limited,Chemicals & Fertilizers,Pune,Maharashtra,0.42,1.2,0.504,Tier 2,75%
Mahindra Lifespace Developers Limited,Chemicals & Fertilizers,Ahmedabad,Gujarat,0.51,1.2,0.612,Tier 2,75%
Man Infraconstruction Limited,Chemicals & Fertilizers,Mumbai,Maharashtra,0.55,1.2,0.66,Tier 2,75%
Manappuram Finance Limited,Chemicals & Fertilizers,Delhi,Delhi,0.62,1.2,0.744,Tier 2,75%
Marico Limited,Chemicals & Fertilizers,Bangalore,Karnataka,0.48,1.2,0.576,Tier 2,75%
Maruti Suzuki India Limited,Chemicals & Fertilizers,Chennai,Tamil Nadu,0.52,1.2,0.624,Tier 2,75%
Mastek Limited,Chemicals & Fertilizers,Kolkata,West Bengal,0.58,1.2,0.696,Tier 2,75%
Max Financial Services Limited,Financial Services,Hyderabad,Telangana,0.45,0.01,0.0045,Tier 2,75%
Mazagon Dock Shipbuilders Limited,Chemicals & Fertilizers,Pune,Maharashtra,0.42,1.2,0.504,Tier 2,75%
MedPlus Health Services Limited,Chemicals & Fertilizers,Ahmedabad,Gujarat,0.51,1.2,0.612,Tier 2,75%
Metro Brands Limited,Chemicals & Fertilizers,Mumbai,Maharashtra,0.55,1.2,0.66,Tier 2,75%
Metropolis Healthcare Limited,Chemicals & Fertilizers,Delhi,Delhi,0.62,1.2,0.744,Tier 2,75%
Mishra Dhatu Nigam Limited,Chemicals & Fertilizers,Bangalore,Karnataka,0.48,1.2,0.576,Tier 2,75%
Motherson Sumi Wiring India Limited,Chemicals & Fertilizers,Chennai,Tamil Nadu,0.52,1.2,0.624,Tier 2,75%
Motilal Oswal Financial Services Limited,Financial Services,Kolkata,West Bengal,0.58,0.01,0.0058,Tier 2,75%
Mphasis Limited,Chemicals & Fertilizers,Hyderabad,Telangana,0.45,1.2,0.54,Tier 2,75%
NATCO Pharma Limited,Pharmaceuticals,Pune,Maharashtra,0.42,0.5,0.21,Tier 2,75%
NAVA LIMITED,Chemicals & Fertilizers,Ahmedabad,Gujarat,0.51,1.2,0.612,Tier 2,75%
NBCC India Limited,Chemicals & Fertilizers,Mumbai,Maharashtra,0.55,1.2,0.66,Tier 2,75%
NCC LIMITED,Chemicals & Fertilizers,Delhi,Delhi,0.62,1.2,0.744,Tier 2,75%
NETWEB TECHNOLOGIES INDIA LIMITED,Information Technology,Bangalore,Karnataka,0.48,0.1,0.048,Tier 2,75%
NHPC Limited,Chemicals & Fertilizers,Chennai,Tamil Nadu,0.52,1.2,0.624,Tier 2,75%
NLC India Limited,Chemicals & Fertilizers,Kolkata,West Bengal,0.58,1.2,0.696,Tier 2,75%
NMDC Limited,Chemicals & Fertilizers,Hyderabad,Telangana,0.45,1.2,0.54,Tier 2,75%
NMDC Steel Limited,Steel & Iron,Pune,Maharashtra,0.42,1.8,0.756,Tier 2,75%
NTPC LIMITED,Chemicals & Fertilizers,Ahmedabad,Gujarat,0.51,1.2,0.612,Tier 2,75%
NUVAMA WEALTH MANAGEMENT LIMITED,Chemicals & Fertilizers,Mumbai,Maharashtra,0.55,1.2,0.66,Tier 2,75%
Narayana Hrudayalaya Ltd,Chemicals & Fertilizers,Delhi,Delhi,0.62,1.2,0.744,Tier 2,75%
Navin Fluorine International Limited,Chemicals & Fertilizers,Bangalore,Karnataka,0.48,1.2,0.576,Tier 2,75%
Nestle India Limited,Chemicals & Fertilizers,Chennai,Tamil Nadu,0.52,1.2,0.624,Tier 2,75%
Neuland Laboratories Limited,Chemicals & Fertilizers,Kolkata,West Bengal,0.58,1.2,0.696,Tier 2,75%
Newgen Software Technologies Limited,Information Technology,Hyderabad,Telangana,0.45,0.1,0.045,Tier 2,75%
Nippon Life India Asset Management Limited,Chemicals & Fertilizers,Pune,Maharashtra,0.42,1.2,0.504,Tier 2,75%
Nuvoco Vistas Corporation Limited,Chemicals & Fertilizers,Ahmedabad,Gujarat,0.51,1.2,0.612,Tier 2,75%
Oberoi Realty Limited,Chemicals & Fertilizers,Mumbai,Maharashtra,0.55,1.2,0.66,Tier 2,75%
Oil India Limited,Oil & Gas,Delhi,Delhi,0.62,2.0,1.24,Tier 2,75%
Olectra Greentech Limited,Information Technology,Bangalore,Karnataka,0.48,0.1,0.048,Tier 2,75%
One 97 Communications Limited,Chemicals & Fertilizers,Chennai,Tamil Nadu,0.52,1.2,0.624,Tier 2,75%
Oracle Financial Services Software Limited,Financial Services,Kolkata,West Bengal,0.58,0.01,0.0058,Tier 2,75%
PATANJALI FOODS LIMITED,Chemicals & Fertilizers,Hyderabad,Telangana,0.45,1.2,0.54,Tier 2,75%
PB FINTECH LIMITED,Information Technology,Pune,Maharashtra,0.42,0.1,0.042,Tier 2,75%
PI INDUSTRIES LIMITED,Chemicals & Fertilizers,Ahmedabad,Gujarat,0.51,1.2,0.612,Tier 2,75%
PNB Housing Finance Limited,Chemicals & Fertilizers,Mumbai,Maharashtra,0.55,1.2,0.66,Tier 2,75%
PNC Infratech Limited,Information Technology,Delhi,Delhi,0.62,0.1,0.062,Tier 2,75%
POLY MEDICURE LIMITED,Chemicals & Fertilizers,Bangalore,Karnataka,0.48,1.2,0.576,Tier 2,75%
PTC Industries Limited,Chemicals & Fertilizers,Chennai,Tamil Nadu,0.52,1.2,0.624,Tier 2,75%
PUNJAB NATIONAL BANK,Financial Services,Kolkata,West Bengal,0.58,0.01,0.0058,Tier 2,75%
PVR INOX LIMITED,Chemicals & Fertilizers,Hyderabad,Telangana,0.45,1.2,0.54,Tier 2,75%
Page Industries Limited,Chemicals & Fertilizers,Pune,Maharashtra,0.42,1.2,0.504,Tier 2,75%
Persistent Systems Limited,Chemicals & Fertilizers,Ahmedabad,Gujarat,0.51,1.2,0.612,Tier 2,75%
Petronet LNG Limited,Chemicals & Fertilizers,Mumbai,Maharashtra,0.55,1.2,0.66,Tier 2,75%
Pfizer Limited,Chemicals & Fertilizers,Delhi,Delhi,0.62,1.2,0.744,Tier 2,75%
Pidilite Industries Limited,Chemicals & Fertilizers,Bangalore,Karnataka,0.48,1.2,0.576,Tier 2,75%
Piramal Enterprises Limited,Chemicals & Fertilizers,Chennai,Tamil Nadu,0.52,1.2,0.624,Tier 2,75%
Piramal Pharma Limited,Pharmaceuticals,Kolkata,West Bengal,0.58,0.5,0.29,Tier 2,75%
Polycab India Limited,Chemicals & Fertilizers,Hyderabad,Telangana,0.45,1.2,0.54,Tier 2,75%
Poonawalla Fincorp Limited,Chemicals & Fertilizers,Pune,Maharashtra,0.42,1.2,0.504,Tier 2,75%
Power Finance Corporation Limited,Power Generation,Ahmedabad,Gujarat,0.51,2.5,1.275,Tier 2,75%
Power Grid Corporation of India Limited,Power Generation,Mumbai,Maharashtra,0.55,2.5,1.375,Tier 2,75%
Power Mech Projects Limited,Power Generation,Delhi,Delhi,0.62,2.5,1.55,Tier 2,75%
Praj Industries Limited,Chemicals & Fertilizers,Bangalore,Karnataka,0.48,1.2,0.576,Tier 2,75%
Prestige Estates Projects Limited,Chemicals & Fertilizers,Chennai,Tamil Nadu,0.52,1.2,0.624,Tier 2,75%
Prism Johnson Limited,Chemicals & Fertilizers,Kolkata,West Bengal,0.58,1.2,0.696,Tier 2,75%
Procter  Gamble Health Limited,Chemicals & Fertilizers,Hyderabad,Telangana,0.45,1.2,0.54,Tier 2,75%
Punjab  Sind Bank,Financial Services,Pune,Maharashtra,0.42,0.01,0.0042,Tier 2,75%
Quess Corp Limited,Chemicals & Fertilizers,Ahmedabad,Gujarat,0.51,1.2,0.612,Tier 2,75%
R R Kabel Limited,Chemicals & Fertilizers,Mumbai,Maharashtra,0.55,1.2,0.66,Tier 2,75%
RAJESH EXPORTS LIMITED,Chemicals & Fertilizers,Delhi,Delhi,0.62,1.2,0.744,Tier 2,75%
RATTANINDIA ENTERPRISES LIMITED,Chemicals & Fertilizers,Bangalore,Karnataka,0.48,1.2,0.576,Tier 2,75%
RBL Bank Limited,Financial Services,Chennai,Tamil Nadu,0.52,0.01,0.0052,Tier 2,75%
REC Limited,Chemicals & Fertilizers,Kolkata,West Bengal,0.58,1.2,0.696,Tier 2,75%
RELIANCE POWER LIMITED,Oil & Gas,Hyderabad,Telangana,0.45,2.0,0.9,Tier 2,75%
RHI Magnesita India Ltd,Chemicals & Fertilizers,Pune,Maharashtra,0.42,1.2,0.504,Tier 2,75%
RITES Limited,Chemicals & Fertilizers,Ahmedabad,Gujarat,0.51,1.2,0.612,Tier 2,75%
Radico Khaitan Limited,Chemicals & Fertilizers,Mumbai,Maharashtra,0.55,1.2,0.66,Tier 2,75%
Rail Vikas Nigam Limited,Chemicals & Fertilizers,Delhi,Delhi,0.62,1.2,0.744,Tier 2,75%
Railtel Corporation of India Limited,Chemicals & Fertilizers,Bangalore,Karnataka,0.48,1.2,0.576,Tier 2,75%
Ramkrishna Forgings Limited,Chemicals & Fertilizers,Chennai,Tamil Nadu,0.52,1.2,0.624,Tier 2,75%
RateGain Travel Technologies Limited,Information Technology,Kolkata,West Bengal,0.58,0.1,0.058,Tier 2,75%
Ratnamani Metals  Tubes Limited,Chemicals & Fertilizers,Hyderabad,Telangana,0.45,1.2,0.54,Tier 2,75%
Raymond Limited,Chemicals & Fertilizers,Pune,Maharashtra,0.42,1.2,0.504,Tier 2,75%
Redington Limited,Chemicals & Fertilizers,Ahmedabad,Gujarat,0.51,1.2,0.612,Tier 2,75%
Redtape Limited,Chemicals & Fertilizers,Mumbai,Maharashtra,0.55,1.2,0.66,Tier 2,75%
Relaxo Footwears Limited,Chemicals & Fertilizers,Delhi,Delhi,0.62,1.2,0.744,Tier 2,75%
Reliance Industries Limited,Oil & Gas,Bangalore,Karnataka,0.48,2.0,0.96,Tier 2,75%
Reliance Infrastructure Limited,Oil & Gas,Chennai,Tamil Nadu,0.52,2.0,1.04,Tier 2,75%
Responsive Industries Limited,Chemicals & Fertilizers,Kolkata,West Bengal,0.58,1.2,0.696,Tier 2,75%
Route Mobile Limited,Chemicals & Fertilizers,Hyderabad,Telangana,0.45,1.2,0.54,Tier 2,75%
SAMVARDHANA MOTHERSON INTERNATIONAL LIMITED,Chemicals & Fertilizers,Pune,Maharashtra,0.42,1.2,0.504,Tier 2,75%
SAPPHIRE FOODS INDIA LIMITED,Chemicals & Fertilizers,Ahmedabad,Gujarat,0.51,1.2,0.612,Tier 2,75%
SARDA ENERGY  MINERALS LIMITED,Power Generation,Mumbai,Maharashtra,0.55,2.5,1.375,Tier 2,75%
SAREGAMA India Limited,Chemicals & Fertilizers,Delhi,Delhi,0.62,1.2,0.744,Tier 2,75%
SBFC Finance Limited,Chemicals & Fertilizers,Bangalore,Karnataka,0.48,1.2,0.576,Tier 2,75%
SBI Cards and Payment Services Limited,Chemicals & Fertilizers,Chennai,Tamil Nadu,0.52,1.2,0.624,Tier 2,75%
SBI Life Insurance Company Limited,Chemicals & Fertilizers,Kolkata,West Bengal,0.58,1.2,0.696,Tier 2,75%
SHIPPING CORPORATION OF INDIA LIMITED,Chemicals & Fertilizers,Hyderabad,Telangana,0.45,1.2,0.54,Tier 2,75%
SJVN Limited,Chemicals & Fertilizers,Pune,Maharashtra,0.42,1.2,0.504,Tier 2,75%
SKF INDIA LIMITED,Chemicals & Fertilizers,Ahmedabad,Gujarat,0.51,1.2,0.612,Tier 2,75%
SRF LIMITED,Chemicals & Fertilizers,Mumbai,Maharashtra,0.55,1.2,0.66,Tier 2,75%
STATE BANK OF INDIA,Financial Services,Delhi,Delhi,0.62,0.01,0.0062,Tier 2,75%
SUMITOMO CHEMICAL INDIA LIMITED,Chemicals & Fertilizers,Bangalore,Karnataka,0.48,1.2,0.576,Tier 2,75%
SUNDARAM FINANCE LIMITED,Chemicals & Fertilizers,Chennai,Tamil Nadu,0.52,1.2,0.624,Tier 2,75%
SUPREME PETROCHEM LIMITED,Chemicals & Fertilizers,Kolkata,West Bengal,0.58,1.2,0.696,Tier 2,75%
SUZLON ENERGY LIMITED,Power Generation,Hyderabad,Telangana,0.45,2.5,1.125,Tier 2,75%
Safari Industries India Limited,Chemicals & Fertilizers,Pune,Maharashtra,0.42,1.2,0.504,Tier 2,75%
Sandur Manganese  Iron Ores Limited,Chemicals & Fertilizers,Ahmedabad,Gujarat,0.51,1.2,0.612,Tier 2,75%
Schneider Electric Infrastructure Limited,Chemicals & Fertilizers,Mumbai,Maharashtra,0.55,1.2,0.66,Tier 2,75%
Sheela Foam Limited,Chemicals & Fertilizers,Delhi,Delhi,0.62,1.2,0.744,Tier 2,75%
Shoppers Stop Limited,Chemicals & Fertilizers,Bangalore,Karnataka,0.48,1.2,0.576,Tier 2,75%
Shree Renuka Sugars Limited,Chemicals & Fertilizers,Chennai,Tamil Nadu,0.52,1.2,0.624,Tier 2,75%
Shriram Finance Limited,Chemicals & Fertilizers,Kolkata,West Bengal,0.58,1.2,0.696,Tier 2,75%
Shyam Metalics and Energy Limited,Power Generation,Hyderabad,Telangana,0.45,2.5,1.125,Tier 2,75%
Signatureglobal India Limited,Chemicals & Fertilizers,Pune,Maharashtra,0.42,1.2,0.504,Tier 2,75%
Sobha Limited,Chemicals & Fertilizers,Ahmedabad,Gujarat,0.51,1.2,0.612,Tier 2,75%
Solar Industries India Limited,Chemicals & Fertilizers,Mumbai,Maharashtra,0.55,1.2,0.66,Tier 2,75%
Sona BLW Precision Forgings Limited,Chemicals & Fertilizers,Delhi,Delhi,0.62,1.2,0.744,Tier 2,75%
Sonata Software Limited,Information Technology,Bangalore,Karnataka,0.48,0.1,0.048,Tier 2,75%
Star Cement Limited,Cement,Chennai,Tamil Nadu,0.52,1.0,0.52,Tier 2,75%
Star Health and Allied Insurance Company Limited,Chemicals & Fertilizers,Kolkata,West Bengal,0.58,1.2,0.696,Tier 2,75%
Steel Authority of India Limited,Steel & Iron,Hyderabad,Telangana,0.45,1.8,0.81,Tier 2,75%
Sterling and Wilson Renewable Energy Limited,Power Generation,Pune,Maharashtra,0.42,2.5,1.05,Tier 2,75%
Sun Pharma Advanced Research Company Limited,Pharmaceuticals,Ahmedabad,Gujarat,0.51,0.5,0.255,Tier 2,75%
Sun Pharmaceutical Industries Limited,Pharmaceuticals,Mumbai,Maharashtra,0.55,0.5,0.275,Tier 2,75%
Sun TV Network Limited,Chemicals & Fertilizers,Delhi,Delhi,0.62,1.2,0.744,Tier 2,75%
Sundram Fasteners Limited,Chemicals & Fertilizers,Bangalore,Karnataka,0.48,1.2,0.576,Tier 2,75%
Supreme Industries Limited,Chemicals & Fertilizers,Chennai,Tamil Nadu,0.52,1.2,0.624,Tier 2,75%
Syngene International Limited,Chemicals & Fertilizers,Kolkata,West Bengal,0.58,1.2,0.696,Tier 2,75%
Syrma SGS Technology Limited,Information Technology,Hyderabad,Telangana,0.45,0.1,0.045,Tier 2,75%
TATA CHEMICALS LIMITED,Chemicals & Fertilizers,Pune,Maharashtra,0.42,1.2,0.504,Tier 2,75%
TATA COMMUNICATIONS LIMITED,Chemicals & Fertilizers,Ahmedabad,Gujarat,0.51,1.2,0.612,Tier 2,75%
TBO Tek Limited,Chemicals & Fertilizers,Mumbai,Maharashtra,0.55,1.2,0.66,Tier 2,75%
TEGA INDUSTRIES LIMITED,Chemicals & Fertilizers,Delhi,Delhi,0.62,1.2,0.744,Tier 2,75%
THE NEW INDIA ASSURANCE COMPANY LIMITED,Chemicals & Fertilizers,Bangalore,Karnataka,0.48,1.2,0.576,Tier 2,75%
THE PHOENIX MILLS LIMITED,Chemicals & Fertilizers,Chennai,Tamil Nadu,0.52,1.2,0.624,Tier 2,75%
TITAGARH RAIL SYSTEMS LIMITED,Chemicals & Fertilizers,Kolkata,West Bengal,0.58,1.2,0.696,Tier 2,75%
TRIDENT LIMITED,Chemicals & Fertilizers,Hyderabad,Telangana,0.45,1.2,0.54,Tier 2,75%
TTK PRESTIGE LIMITED,Chemicals & Fertilizers,Pune,Maharashtra,0.42,1.2,0.504,Tier 2,75%
TVS Holdings Limited,Chemicals & Fertilizers,Ahmedabad,Gujarat,0.51,1.2,0.612,Tier 2,75%
TVS Motor Company Limited,Chemicals & Fertilizers,Mumbai,Maharashtra,0.55,1.2,0.66,Tier 2,75%
TVS Supply Chain Solutions Limited,Chemicals & Fertilizers,Delhi,Delhi,0.62,1.2,0.744,Tier 2,75%
Tamilnad Mercantile Bank Limited,Financial Services,Bangalore,Karnataka,0.48,0.01,0.0048,Tier 2,75%
Tanla Platforms Limited,Chemicals & Fertilizers,Chennai,Tamil Nadu,0.52,1.2,0.624,Tier 2,75%
Tata Consultancy Services Limited,Chemicals & Fertilizers,Kolkata,West Bengal,0.58,1.2,0.696,Tier 2,75%
Tata Consumer Products Limited,Chemicals & Fertilizers,Hyderabad,Telangana,0.45,1.2,0.54,Tier 2,75%
Tata Elxsi Limited,Chemicals & Fertilizers,Pune,Maharashtra,0.42,1.2,0.504,Tier 2,75%
Tata Investment Corporation Limited,Chemicals & Fertilizers,Ahmedabad,Gujarat,0.51,1.2,0.612,Tier 2,75%
Tata Motors Limited,Chemicals & Fertilizers,Mumbai,Maharashtra,0.55,1.2,0.66,Tier 2,75%
Tata Steel Limited,Steel & Iron,Delhi,Delhi,0.62,1.8,1.116,Tier 2,75%
Tata Technologies Limited,Information Technology,Bangalore,Karnataka,0.48,0.1,0.048,Tier 2,75%
Tata Teleservices Maharashtra Limited,Chemicals & Fertilizers,Chennai,Tamil Nadu,0.52,1.2,0.624,Tier 2,75%
Tech Mahindra Limited,Information Technology,Kolkata,West Bengal,0.58,0.1,0.058,Tier 2,75%
Techno Electric  Engineering Company Limited,Information Technology,Hyderabad,Telangana,0.45,0.1,0.045,Tier 2,75%
Tejas Networks Limited,Chemicals & Fertilizers,Pune,Maharashtra,0.42,1.2,0.504,Tier 2,75%
The Ramco Cements Limited,Cement,Ahmedabad,Gujarat,0.51,1.0,0.51,Tier 2,75%
Thermax Limited,Chemicals & Fertilizers,Mumbai,Maharashtra,0.55,1.2,0.66,Tier 2,75%
Thomas Cook  India  Limited,Chemicals & Fertilizers,Delhi,Delhi,0.62,1.2,0.744,Tier 2,75%
Timken India Limited,Chemicals & Fertilizers,Bangalore,Karnataka,0.48,1.2,0.576,Tier 2,75%
Titan Company Limited,Chemicals & Fertilizers,Chennai,Tamil Nadu,0.52,1.2,0.624,Tier 2,75%
Torrent Pharmaceuticals Limited,Pharmaceuticals,Kolkata,West Bengal,0.58,0.5,0.29,Tier 2,75%
Torrent Power Limited,Power Generation,Hyderabad,Telangana,0.45,2.5,1.125,Tier 2,75%
Triveni Engineering  Industries Limited,Chemicals & Fertilizers,Pune,Maharashtra,0.42,1.2,0.504,Tier 2,75%
Triveni Turbine Limited,Chemicals & Fertilizers,Ahmedabad,Gujarat,0.51,1.2,0.612,Tier 2,75%
Tube Investments of India Limited,Chemicals & Fertilizers,Mumbai,Maharashtra,0.55,1.2,0.66,Tier 2,75%
UNION BANK OF INDIA,Financial Services,Delhi,Delhi,0.62,0.01,0.0062,Tier 2,75%
UNITED BREWERIES LIMITED,Chemicals & Fertilizers,Bangalore,Karnataka,0.48,1.2,0.576,Tier 2,75%
UPL LIMITED,Chemicals & Fertilizers,Chennai,Tamil Nadu,0.52,1.2,0.624,Tier 2,75%
UTI Asset Management Company Limited,Chemicals & Fertilizers,Kolkata,West Bengal,0.58,1.2,0.696,Tier 2,75%
Ujjivan Small Finance Bank Limited,Financial Services,Hyderabad,Telangana,0.45,0.01,0.0045,Tier 2,75%
UltraTech Cement Limited,Cement,Pune,Maharashtra,0.42,1.0,0.42,Tier 2,75%
United Spirits Limited,Chemicals & Fertilizers,Ahmedabad,Gujarat,0.51,1.2,0.612,Tier 2,75%
Uno Minda Limited,Chemicals & Fertilizers,Mumbai,Maharashtra,0.55,1.2,0.66,Tier 2,75%
Usha Martin Limited,Chemicals & Fertilizers,Delhi,Delhi,0.62,1.2,0.744,Tier 2,75%
V-GUARD INDUSTRIES LIMITED,Chemicals & Fertilizers,Bangalore,Karnataka,0.48,1.2,0.576,Tier 2,75%
VALOR ESTATE LIMITED,Chemicals & Fertilizers,Chennai,Tamil Nadu,0.52,1.2,0.624,Tier 2,75%
VIP INDUSTRIES LIMITED,Chemicals & Fertilizers,Kolkata,West Bengal,0.58,1.2,0.696,Tier 2,75%
Varroc Engineering Limited,Chemicals & Fertilizers,Hyderabad,Telangana,0.45,1.2,0.54,Tier 2,75%
Vedant Fashions Limited,Chemicals & Fertilizers,Pune,Maharashtra,0.42,1.2,0.504,Tier 2,75%
Vedanta Limited,Chemicals & Fertilizers,Ahmedabad,Gujarat,0.51,1.2,0.612,Tier 2,75%
Vinati Organics Limited,Chemicals & Fertilizers,Mumbai,Maharashtra,0.55,1.2,0.66,Tier 2,75%
Vodafone Idea Limited,Chemicals & Fertilizers,Delhi,Delhi,0.62,1.2,0.744,Tier 2,75%
Voltamp Transformers Limited,Chemicals & Fertilizers,Bangalore,Karnataka,0.48,1.2,0.576,Tier 2,75%
Voltas Limited,Chemicals & Fertilizers,Chennai,Tamil Nadu,0.52,1.2,0.624,Tier 2,75%
Waaree Renewable Technologies Limited,Information Technology,Kolkata,West Bengal,0.58,0.1,0.058,Tier 2,75%
Welspun Corp Limited,Chemicals & Fertilizers,Hyderabad,Telangana,0.45,1.2,0.54,Tier 2,75%
Welspun Living Limited,Chemicals & Fertilizers,Pune,Maharashtra,0.42,1.2,0.504,Tier 2,75%
Whirlpool of India Limited,Chemicals & Fertilizers,Ahmedabad,Gujarat,0.51,1.2,0.612,Tier 2,75%
Wipro Limited,Chemicals & Fertilizers,Mumbai,Maharashtra,0.55,1.2,0.66,Tier 2,75%
Wockhardt Limited,Chemicals & Fertilizers,Delhi,Delhi,0.62,1.2,0.744,Tier 2,75%
YES Bank Limited,Financial Services,Bangalore,Karnataka,0.48,0.01,0.0048,Tier 2,75%
ZENSAR TECHNOLOGIES LIMITED,Information Technology,Chennai,Tamil Nadu,0.52,0.1,0.052,Tier 2,75%
ZF Commercial Vehicle Control Systems India Limited,Chemicals & Fertilizers,Kolkata,West Bengal,0.58,1.2,0.696,Tier 2,75%
Zee Entertainment Enterprises Limited,Chemicals & Fertilizers,Hyderabad,Telangana,0.45,1.2,0.54,Tier 2,75%
Zen Technologies Limited,Information Technology,Pune,Maharashtra,0.42,0.1,0.042,Tier 2,75%
Zydus Lifesciences Limited,Chemicals & Fertilizers,Ahmedabad,Gujarat,0.51,1.2,0.612,Tier 2,75%
Zydus Wellness Limited,Chemicals & Fertilizers,Mumbai,Maharashtra,0.55,1.2,0.66,Tier 2,75%
eClerx Services Limited,Chemicals & Fertilizers,Delhi,Delhi,0.62,1.2,0.744,Tier 2,75%
