Company_Name,Sector,Location_Type,NumberOfLocations,Scope3_Relevance,Scope3_Factor,Note
Aarti Industries Limited,Chemicals,Distribution/Service Location,12,High,0.7,These locations are outside BRSR scope but relevant for Scope 3
ABB India Limited,Capital Goods,Distribution/Service Location,5,High,0.7,These locations are outside BRSR scope but relevant for Scope 3
ACC Limited,Construction Materials,Distribution/Service Location,16,High,0.7,These locations are outside BRSR scope but relevant for Scope 3
Adani Enterprises Limited,Metals & Mining,Distribution/Service Location,43,High,0.7,These locations are outside BRSR scope but relevant for Scope 3
Adani Ports and Special Economic Zone Limited,Services,Distribution/Service Location,48,High,0.7,These locations are outside BRSR scope but relevant for Scope 3
ADANI POWER LIMITED,Power,Distribution/Service Location,9,High,0.7,These locations are outside BRSR scope but relevant for Scope 3
Adani Total Gas Limited,Oil Gas & Consumable Fuels,Distribution/Service Location,1255,High,0.7,These locations are outside BRSR scope but relevant for Scope 3
Aditya Birla Fashion and Retail Limited,Consumer Services,Retail Store,19,High,1.0,These locations are outside BRSR scope but relevant for Scope 3
Aether Industries Limited,Chemicals,Distribution/Service Location,2,High,0.7,These locations are outside BRSR scope but relevant for Scope 3
AIA ENGINEERING LIMITED,Capital Goods,Distribution/Service Location,2,High,0.7,These locations are outside BRSR scope but relevant for Scope 3
Ajanta Pharma Limited,,Distribution/Service Location,5,High,0.7,These locations are outside BRSR scope but relevant for Scope 3
Akzo Nobel India Limited,Consumer Durables,Distribution/Service Location,3,High,0.7,These locations are outside BRSR scope but relevant for Scope 3
ALEMBIC PHARMACEUTICALS LIMITED,Healthcare,Clinic/Pharmacy,10,High,1.2,These locations are outside BRSR scope but relevant for Scope 3
Alkem Laboratories Limited,Healthcare,Clinic/Pharmacy,11,High,1.2,These locations are outside BRSR scope but relevant for Scope 3
ALKYL AMINES CHEMICALS LIMITED,Chemicals,Distribution/Service Location,2,High,0.7,These locations are outside BRSR scope but relevant for Scope 3
ALOK INDUSTRIES LIMITED,Textiles,Distribution/Service Location,11,High,0.7,These locations are outside BRSR scope but relevant for Scope 3
Amara Raja Energy  Mobility Limited,,Distribution/Service Location,7,High,0.7,These locations are outside BRSR scope but relevant for Scope 3
Amber Enterprises India Limited,Consumer Durables,Distribution/Service Location,27,High,0.7,These locations are outside BRSR scope but relevant for Scope 3
Ambuja Cements Limited,Construction Materials,Distribution/Service Location,14,High,0.7,These locations are outside BRSR scope but relevant for Scope 3
Anupam Rasayan India Limited,Chemicals,Distribution/Service Location,7,High,0.7,These locations are outside BRSR scope but relevant for Scope 3
APAR Industries Limited,Capital Goods,Distribution/Service Location,8,High,0.7,These locations are outside BRSR scope but relevant for Scope 3
APL Apollo Tubes Limited,Capital Goods,Distribution/Service Location,7,High,0.7,These locations are outside BRSR scope but relevant for Scope 3
Apollo Tyres Limited,Automobile and Auto Components,Distribution/Service Location,3,High,0.7,These locations are outside BRSR scope but relevant for Scope 3
ARVIND LIMITED,Textiles,Distribution/Service Location,10,High,0.7,These locations are outside BRSR scope but relevant for Scope 3
Asahi India Glass Limited,Automobile and Auto Components,Distribution/Service Location,11,High,0.7,These locations are outside BRSR scope but relevant for Scope 3
Ashok Leyland Limited,Capital Goods,Distribution/Service Location,6,High,0.7,These locations are outside BRSR scope but relevant for Scope 3
Asian Paints Limited,Consumer Durables,Distribution/Service Location,11,High,0.7,These locations are outside BRSR scope but relevant for Scope 3
Aster DM Healthcare Limited,Healthcare,Clinic/Pharmacy,492,High,1.2,These locations are outside BRSR scope but relevant for Scope 3
Astral Limited,Capital Goods,Distribution/Service Location,11,High,0.7,These locations are outside BRSR scope but relevant for Scope 3
Atul Limited,Chemicals,Distribution/Service Location,2,High,0.7,These locations are outside BRSR scope but relevant for Scope 3
AUROBINDO PHARMA LIMITED,Healthcare,Clinic/Pharmacy,25,High,1.2,These locations are outside BRSR scope but relevant for Scope 3
Bajaj Auto Limited,Automobile and Auto Components,Distribution/Service Location,4,High,0.7,These locations are outside BRSR scope but relevant for Scope 3
Balkrishna Industries Limited,Automobile and Auto Components,Distribution/Service Location,6,High,0.7,These locations are outside BRSR scope but relevant for Scope 3
Balrampur Chini Mills Limited,Fast Moving Consumer Goods,Retail Store,9,High,1.0,These locations are outside BRSR scope but relevant for Scope 3
Bank of Baroda,Financial Services,Bank Branch,8422,High,0.5,These locations are outside BRSR scope but relevant for Scope 3
BASF India Limited,Chemicals,Distribution/Service Location,3,High,0.7,These locations are outside BRSR scope but relevant for Scope 3
BATA INDIA LIMITED,Consumer Durables,Distribution/Service Location,2,High,0.7,These locations are outside BRSR scope but relevant for Scope 3
BEML Limited,Capital Goods,Distribution/Service Location,3,High,0.7,These locations are outside BRSR scope but relevant for Scope 3
BHARAT ELECTRONICS LIMITED,Capital Goods,Distribution/Service Location,8,High,0.7,These locations are outside BRSR scope but relevant for Scope 3
Bharat Forge Limited,Automobile and Auto Components,Distribution/Service Location,4,High,0.7,These locations are outside BRSR scope but relevant for Scope 3
BHARAT HEAVY ELECTRICALS LIMITED,Capital Goods,Distribution/Service Location,15,High,0.7,These locations are outside BRSR scope but relevant for Scope 3
Bikaji Foods International Limited,Fast Moving Consumer Goods,Retail Store,7,High,1.0,These locations are outside BRSR scope but relevant for Scope 3
Biocon Limited,Healthcare,Clinic/Pharmacy,4,High,1.2,These locations are outside BRSR scope but relevant for Scope 3
Birla Corporation Limited,Construction Materials,Distribution/Service Location,8,High,0.7,These locations are outside BRSR scope but relevant for Scope 3
Blue Star Limited,Consumer Durables,Distribution/Service Location,3,High,0.7,These locations are outside BRSR scope but relevant for Scope 3
Bosch limited,Automobile and Auto Components,Distribution/Service Location,5,High,0.7,These locations are outside BRSR scope but relevant for Scope 3
Britannia Industries Limited,Fast Moving Consumer Goods,Retail Store,17,High,1.0,These locations are outside BRSR scope but relevant for Scope 3
Campus Activewear Limited,Consumer Durables,Distribution/Service Location,4,High,0.7,These locations are outside BRSR scope but relevant for Scope 3
Canara Bank,Financial Services,Bank Branch,9603,High,0.5,These locations are outside BRSR scope but relevant for Scope 3
Caplin Point Laboratories Limited,Healthcare,Clinic/Pharmacy,7,High,1.2,These locations are outside BRSR scope but relevant for Scope 3
Carborundum Universal Limited,Capital Goods,Distribution/Service Location,19,High,0.7,These locations are outside BRSR scope but relevant for Scope 3
Castrol India Limited,Oil Gas & Consumable Fuels,Distribution/Service Location,1,High,0.7,These locations are outside BRSR scope but relevant for Scope 3
CCL Products India Limited,,Distribution/Service Location,1,High,0.7,These locations are outside BRSR scope but relevant for Scope 3
CEAT Limited,Automobile and Auto Components,Distribution/Service Location,5,High,0.7,These locations are outside BRSR scope but relevant for Scope 3
Cello World Limited,Consumer Durables,Distribution/Service Location,4,High,0.7,These locations are outside BRSR scope but relevant for Scope 3
Century Plyboards India Limited,,Distribution/Service Location,10,High,0.7,These locations are outside BRSR scope but relevant for Scope 3
CESC Limited,Power,Distribution/Service Location,155,High,0.7,These locations are outside BRSR scope but relevant for Scope 3
CESC Limited,Power Generation,Distribution/Service Location,155,High,0.7,These locations are outside BRSR scope but relevant for Scope 3
CG Power and Industrial Solutions Limited,Capital Goods,Distribution/Service Location,15,High,0.7,These locations are outside BRSR scope but relevant for Scope 3
Chalet Hotels Limited,Consumer Services,Retail Store,10,High,1.0,These locations are outside BRSR scope but relevant for Scope 3
Chemplast Sanmar Limited,,Distribution/Service Location,4,High,0.7,These locations are outside BRSR scope but relevant for Scope 3
CIE AUTOMOTIVE INDIA LIMITED,Automobile and Auto Components,Distribution/Service Location,23,High,0.7,These locations are outside BRSR scope but relevant for Scope 3
Cipla Limited,Healthcare,Clinic/Pharmacy,36,High,1.2,These locations are outside BRSR scope but relevant for Scope 3
Clean Science and Technology Limited,Chemicals,Distribution/Service Location,2,High,0.7,These locations are outside BRSR scope but relevant for Scope 3
COAL INDIA LIMITED,Oil Gas & Consumable Fuels,Distribution/Service Location,308,High,0.7,These locations are outside BRSR scope but relevant for Scope 3
Cochin Shipyard Limited,Capital Goods,Distribution/Service Location,4,High,0.7,These locations are outside BRSR scope but relevant for Scope 3
Concord Biotech Limited,Healthcare,Clinic/Pharmacy,2,High,1.2,These locations are outside BRSR scope but relevant for Scope 3
COROMANDEL INTERNATIONAL LIMITED,Chemicals,Distribution/Service Location,15,High,0.7,These locations are outside BRSR scope but relevant for Scope 3
Craftsman Automation Limited,Automobile and Auto Components,Distribution/Service Location,16,High,0.7,These locations are outside BRSR scope but relevant for Scope 3
CreditAccess Grameen Limited,Financial Services,Bank Branch,2062,High,0.5,These locations are outside BRSR scope but relevant for Scope 3
Crompton Greaves Consumer Electricals Limited,Consumer Durables,Distribution/Service Location,6,High,0.7,These locations are outside BRSR scope but relevant for Scope 3
Cummins India Limited,Capital Goods,Distribution/Service Location,4,High,0.7,These locations are outside BRSR scope but relevant for Scope 3
Dabur India Limited,Fast Moving Consumer Goods,Retail Store,45,High,1.0,These locations are outside BRSR scope but relevant for Scope 3
Dalmia Bharat Limited,Construction Materials,Distribution/Service Location,11,High,0.7,These locations are outside BRSR scope but relevant for Scope 3
DCM Shriram Limited,Diversified,Distribution/Service Location,8,High,0.7,These locations are outside BRSR scope but relevant for Scope 3
Deepak Nitrite Limited,Chemicals,Distribution/Service Location,3,High,0.7,These locations are outside BRSR scope but relevant for Scope 3
Delhivery Limited,Services,Distribution/Service Location,3964,High,0.7,These locations are outside BRSR scope but relevant for Scope 3
DIVIS LABORATORIES LIMITED,,Distribution/Service Location,3,High,0.7,These locations are outside BRSR scope but relevant for Scope 3
Dixon Technologies India Limited,,Distribution/Service Location,8,High,0.7,These locations are outside BRSR scope but relevant for Scope 3
DOMS Industries Limited,Fast Moving Consumer Goods,Retail Store,9,High,1.0,These locations are outside BRSR scope but relevant for Scope 3
Dr Reddys Laboratories Limited,,Distribution/Service Location,24,High,0.7,These locations are outside BRSR scope but relevant for Scope 3
EICHER MOTORS LIMITED,Automobile and Auto Components,Distribution/Service Location,2,High,0.7,These locations are outside BRSR scope but relevant for Scope 3
EIH Limited,Consumer Services,Retail Store,28,High,1.0,These locations are outside BRSR scope but relevant for Scope 3
Electronics Mart India Limited,Consumer Services,Retail Store,210,High,1.0,These locations are outside BRSR scope but relevant for Scope 3
Electrosteel Castings Limited,Capital Goods,Distribution/Service Location,4,High,0.7,These locations are outside BRSR scope but relevant for Scope 3
Elgi Equipments Limited,Capital Goods,Distribution/Service Location,3,High,0.7,These locations are outside BRSR scope but relevant for Scope 3
Emami Limited,Fast Moving Consumer Goods,Retail Store,3,High,1.0,These locations are outside BRSR scope but relevant for Scope 3
Endurance Technologies Limited,Automobile and Auto Components,Distribution/Service Location,17,High,0.7,These locations are outside BRSR scope but relevant for Scope 3
Equitas Small Finance Bank Limited,Financial Services,Bank Branch,1368,High,0.5,These locations are outside BRSR scope but relevant for Scope 3
ESAB India Limited,,Distribution/Service Location,2,High,0.7,These locations are outside BRSR scope but relevant for Scope 3
Escorts Kubota Limited,Capital Goods,Distribution/Service Location,7,High,0.7,These locations are outside BRSR scope but relevant for Scope 3
Eureka Forbes Limited,Consumer Durables,Distribution/Service Location,1,High,0.7,These locations are outside BRSR scope but relevant for Scope 3
Exide Industries Limited,Automobile and Auto Components,Distribution/Service Location,9,High,0.7,These locations are outside BRSR scope but relevant for Scope 3
FERTILIZERS AND CHEMICALS TRAVANCORE LIMITED,,Distribution/Service Location,1,High,0.7,These locations are outside BRSR scope but relevant for Scope 3
FINE ORGANIC INDUSTRIES LIMITED,Chemicals,Distribution/Service Location,6,High,0.7,These locations are outside BRSR scope but relevant for Scope 3
Finolex Cables Limited,Capital Goods,Distribution/Service Location,4,High,0.7,These locations are outside BRSR scope but relevant for Scope 3
Finolex Industries Limited,Capital Goods,Distribution/Service Location,2,High,0.7,These locations are outside BRSR scope but relevant for Scope 3
Force Motors Ltd,Automobile and Auto Components,Distribution/Service Location,3,High,0.7,These locations are outside BRSR scope but relevant for Scope 3
GAIL India Limited,,Distribution/Service Location,20,High,0.7,These locations are outside BRSR scope but relevant for Scope 3
GALAXY SURFACTANTS LIMITED,,Distribution/Service Location,4,High,0.7,These locations are outside BRSR scope but relevant for Scope 3
Garden Reach Shipbuilders  Engineers Limited,,Distribution/Service Location,5,High,0.7,These locations are outside BRSR scope but relevant for Scope 3
Genus Power Infrastructures Limited,,Distribution/Service Location,6,High,0.7,These locations are outside BRSR scope but relevant for Scope 3
Gillette India Limited,Fast Moving Consumer Goods,Retail Store,1,High,1.0,These locations are outside BRSR scope but relevant for Scope 3
GLAND PHARMA LIMITED,Healthcare,Clinic/Pharmacy,5,High,1.2,These locations are outside BRSR scope but relevant for Scope 3
Glenmark Pharmaceuticals Limited,Healthcare,Clinic/Pharmacy,5,High,1.2,These locations are outside BRSR scope but relevant for Scope 3
GLOBAL HEALTH LIMITED,Healthcare,Clinic/Pharmacy,28,High,1.2,These locations are outside BRSR scope but relevant for Scope 3
GODAWARI POWER AND ISPAT LIMITED,,Distribution/Service Location,6,High,0.7,These locations are outside BRSR scope but relevant for Scope 3
GODREJ AGROVET LIMITED,Fast Moving Consumer Goods,Retail Store,25,High,1.0,These locations are outside BRSR scope but relevant for Scope 3
Godrej Consumer Products Limited,Fast Moving Consumer Goods,Retail Store,12,High,1.0,These locations are outside BRSR scope but relevant for Scope 3
Godrej Properties Limited,Realty,Distribution/Service Location,63,High,0.7,These locations are outside BRSR scope but relevant for Scope 3
GRANULES INDIA LIMITED,Healthcare,Clinic/Pharmacy,9,High,1.2,These locations are outside BRSR scope but relevant for Scope 3
GRAPHITE INDIA LIMITED,Capital Goods,Distribution/Service Location,5,High,0.7,These locations are outside BRSR scope but relevant for Scope 3
Grasim Industries Limited,Construction Materials,Distribution/Service Location,24,High,0.7,These locations are outside BRSR scope but relevant for Scope 3
Grindwell Norton Limited,,Distribution/Service Location,5,High,0.7,These locations are outside BRSR scope but relevant for Scope 3
Gujarat Ambuja Exports Limited,Fast Moving Consumer Goods,Retail Store,9,High,1.0,These locations are outside BRSR scope but relevant for Scope 3
GUJARAT GAS LIMITED,Oil Gas & Consumable Fuels,Distribution/Service Location,903,High,0.7,These locations are outside BRSR scope but relevant for Scope 3
Gujarat State Petronet Limited,Oil Gas & Consumable Fuels,Distribution/Service Location,2,High,0.7,These locations are outside BRSR scope but relevant for Scope 3
G R Infraprojects Limited,Construction,Distribution/Service Location,6,High,0.7,These locations are outside BRSR scope but relevant for Scope 3
Happy Forgings Limited,,Distribution/Service Location,1,High,0.7,These locations are outside BRSR scope but relevant for Scope 3
Havells India Limited,Consumer Durables,Distribution/Service Location,13,High,0.7,These locations are outside BRSR scope but relevant for Scope 3
HERO MOTOCORP LIMITED,Automobile and Auto Components,Distribution/Service Location,6,High,0.7,These locations are outside BRSR scope but relevant for Scope 3
HFCL Limited,Telecommunication,Service Center/Store,1,High,0.8,These locations are outside BRSR scope but relevant for Scope 3
Himadri Speciality Chemical Limited,Chemicals,Distribution/Service Location,5,High,0.7,These locations are outside BRSR scope but relevant for Scope 3
HINDALCO INDUSTRIES LIMITED,Metals & Mining,Distribution/Service Location,13,High,0.7,These locations are outside BRSR scope but relevant for Scope 3
HINDUSTAN AERONAUTICS LIMITED,Capital Goods,Distribution/Service Location,29,High,0.7,These locations are outside BRSR scope but relevant for Scope 3
HINDUSTAN COPPER LIMITED,Metals & Mining,Distribution/Service Location,3,High,0.7,These locations are outside BRSR scope but relevant for Scope 3
Hindustan Petroleum Corporation Limited,Oil Gas & Consumable Fuels,Distribution/Service Location,212,High,0.7,These locations are outside BRSR scope but relevant for Scope 3
Hindustan Unilever Limited,Fast Moving Consumer Goods,Retail Store,24,High,1.0,These locations are outside BRSR scope but relevant for Scope 3
Hindustan Zinc Limited,Metals & Mining,Distribution/Service Location,15,High,0.7,These locations are outside BRSR scope but relevant for Scope 3
Hitachi Energy India Limited,Capital Goods,Distribution/Service Location,7,High,0.7,These locations are outside BRSR scope but relevant for Scope 3
IDFC FIRST Bank Limited,Financial Services,Bank Branch,999,High,0.5,These locations are outside BRSR scope but relevant for Scope 3
Indian Bank,Financial Services,Bank Branch,5899,High,0.5,These locations are outside BRSR scope but relevant for Scope 3
Indian Oil Corporation Limited,Oil Gas & Consumable Fuels,Distribution/Service Location,618,High,0.7,These locations are outside BRSR scope but relevant for Scope 3
IndusInd Bank Limited,Financial Services,Bank Branch,3078,High,0.5,These locations are outside BRSR scope but relevant for Scope 3
INOX India Limited,Capital Goods,Distribution/Service Location,2,High,0.7,These locations are outside BRSR scope but relevant for Scope 3
Inox Wind Limited,Capital Goods,Distribution/Service Location,2,High,0.7,These locations are outside BRSR scope but relevant for Scope 3
Ion Exchange India Limited,,Distribution/Service Location,6,High,0.7,These locations are outside BRSR scope but relevant for Scope 3
Ipca Laboratories Limited,Healthcare,Clinic/Pharmacy,14,High,1.2,These locations are outside BRSR scope but relevant for Scope 3
IRB Infrastructure Developers Limited,Construction,Distribution/Service Location,43,High,0.7,These locations are outside BRSR scope but relevant for Scope 3
ISGEC Heavy Engineering Limited,Construction,Distribution/Service Location,5,High,0.7,These locations are outside BRSR scope but relevant for Scope 3
ITC Limited,Fast Moving Consumer Goods,Retail Store,61,High,1.0,These locations are outside BRSR scope but relevant for Scope 3
JAIPRAKASH POWER VENTURES LIMITED,Power,Distribution/Service Location,1,High,0.7,These locations are outside BRSR scope but relevant for Scope 3
JAI BALAJI INDUSTRIES LIMITED,Metals & Mining,Distribution/Service Location,3,High,0.7,These locations are outside BRSR scope but relevant for Scope 3
JBM Auto Limited,Automobile and Auto Components,Distribution/Service Location,26,High,0.7,These locations are outside BRSR scope but relevant for Scope 3
Jindal Saw Limited,Capital Goods,Distribution/Service Location,9,High,0.7,These locations are outside BRSR scope but relevant for Scope 3
Jindal Stainless Limited,Metals & Mining,Distribution/Service Location,1,High,0.7,These locations are outside BRSR scope but relevant for Scope 3
JINDAL STEEL  POWER LIMITED,,Distribution/Service Location,10,High,0.7,These locations are outside BRSR scope but relevant for Scope 3
JK CEMENT LIMITED,Construction Materials,Distribution/Service Location,8,High,0.7,These locations are outside BRSR scope but relevant for Scope 3
JK LAKSHMI CEMENT LIMITED,Construction Materials,Distribution/Service Location,5,High,0.7,These locations are outside BRSR scope but relevant for Scope 3
JK Tyre  Industries Limited,,Distribution/Service Location,3,High,0.7,These locations are outside BRSR scope but relevant for Scope 3
JSW Energy Limited,Power,Distribution/Service Location,59,High,0.7,These locations are outside BRSR scope but relevant for Scope 3
JSW Infrastructure Limited,Services,Distribution/Service Location,9,High,0.7,These locations are outside BRSR scope but relevant for Scope 3
JSW Steel Limited,Metals & Mining,Distribution/Service Location,3,High,0.7,These locations are outside BRSR scope but relevant for Scope 3
Jubilant FoodWorks Limited,Consumer Services,Retail Store,6,High,1.0,These locations are outside BRSR scope but relevant for Scope 3
JUBILANT INGREVIA LIMITED,Chemicals,Distribution/Service Location,3,High,0.7,These locations are outside BRSR scope but relevant for Scope 3
Juniper Hotels Limited,,Distribution/Service Location,7,High,0.7,These locations are outside BRSR scope but relevant for Scope 3
Jupiter Life Line Hospitals Limited,,Distribution/Service Location,2,High,0.7,These locations are outside BRSR scope but relevant for Scope 3
Jupiter Wagons Limited,Capital Goods,Distribution/Service Location,4,High,0.7,These locations are outside BRSR scope but relevant for Scope 3
JYOTHY LABS LIMITED,Fast Moving Consumer Goods,Retail Store,22,High,1.0,These locations are outside BRSR scope but relevant for Scope 3
JYOTI CNC AUTOMATION LIMITED,Capital Goods,Distribution/Service Location,1,High,0.7,These locations are outside BRSR scope but relevant for Scope 3
Kajaria Ceramics Limited,Consumer Durables,Distribution/Service Location,8,High,0.7,These locations are outside BRSR scope but relevant for Scope 3
Kalpataru Projects International Limited,Construction,Distribution/Service Location,234,High,0.7,These locations are outside BRSR scope but relevant for Scope 3
Kansai Nerolac Paints Limited,Consumer Durables,Distribution/Service Location,8,High,0.7,These locations are outside BRSR scope but relevant for Scope 3
Kaynes Technology India Limited,Capital Goods,Distribution/Service Location,14,High,0.7,These locations are outside BRSR scope but relevant for Scope 3
KEC International Limited,Construction,Distribution/Service Location,3,High,0.7,These locations are outside BRSR scope but relevant for Scope 3
KEI INDUSTRIES LIMITED,Capital Goods,Distribution/Service Location,7,High,0.7,These locations are outside BRSR scope but relevant for Scope 3
KIOCL Limited,,Distribution/Service Location,1,High,0.7,These locations are outside BRSR scope but relevant for Scope 3
Kirloskar Brothers Limited,Capital Goods,Distribution/Service Location,5,High,0.7,These locations are outside BRSR scope but relevant for Scope 3
Kirloskar Oil Engines Limited,,Distribution/Service Location,3,High,0.7,These locations are outside BRSR scope but relevant for Scope 3
KOTAK MAHINDRA BANK LIMITED,Financial Services,Bank Branch,2148,High,0.5,These locations are outside BRSR scope but relevant for Scope 3
KPI GREEN ENERGY LIMITED,Power,Distribution/Service Location,76,High,0.7,These locations are outside BRSR scope but relevant for Scope 3
KPR MILL LIMITED,,Distribution/Service Location,9,High,0.7,These locations are outside BRSR scope but relevant for Scope 3
Krishna Institute of Medical Sciences Limited,Healthcare,Clinic/Pharmacy,3,High,1.2,These locations are outside BRSR scope but relevant for Scope 3
KSB Limited,Capital Goods,Distribution/Service Location,3,High,0.7,These locations are outside BRSR scope but relevant for Scope 3
Larsen  Toubro Limited,,Distribution/Service Location,16,High,0.7,These locations are outside BRSR scope but relevant for Scope 3
LAURUS LABS LIMITED,Healthcare,Clinic/Pharmacy,4,High,1.2,These locations are outside BRSR scope but relevant for Scope 3
Lemon Tree Hotels Limited,Consumer Services,Retail Store,105,High,1.0,These locations are outside BRSR scope but relevant for Scope 3
Linde India Limited,Chemicals,Distribution/Service Location,25,High,0.7,These locations are outside BRSR scope but relevant for Scope 3
Lloyds Metals and Energy Limited,Metals & Mining,Distribution/Service Location,1,High,0.7,These locations are outside BRSR scope but relevant for Scope 3
Lupin Limited,Healthcare,Clinic/Pharmacy,10,High,1.2,These locations are outside BRSR scope but relevant for Scope 3
MACROTECH DEVELOPERS LIMITED,,Distribution/Service Location,44,High,0.7,These locations are outside BRSR scope but relevant for Scope 3
Mahanagar Gas Limited,Oil Gas & Consumable Fuels,Distribution/Service Location,3,High,0.7,These locations are outside BRSR scope but relevant for Scope 3
Maharashtra Seamless Limited,Capital Goods,Distribution/Service Location,7,High,0.7,These locations are outside BRSR scope but relevant for Scope 3
Mahindra Holidays  Resorts India Limited,,Distribution/Service Location,49,High,0.7,These locations are outside BRSR scope but relevant for Scope 3
Mahindra  Mahindra Limited,,Distribution/Service Location,36,High,0.7,These locations are outside BRSR scope but relevant for Scope 3
MANKIND PHARMA LIMITED,Healthcare,Clinic/Pharmacy,4,High,1.2,These locations are outside BRSR scope but relevant for Scope 3
Marico Limited,Fast Moving Consumer Goods,Retail Store,4,High,1.0,These locations are outside BRSR scope but relevant for Scope 3
MAX HEALTHCARE INSTITUTE LIMITED,Healthcare,Clinic/Pharmacy,56,High,1.2,These locations are outside BRSR scope but relevant for Scope 3
Mazagon Dock Shipbuilders Limited,,Distribution/Service Location,1,High,0.7,These locations are outside BRSR scope but relevant for Scope 3
MedPlus Health Services Limited,Consumer Services,Retail Store,4,High,1.0,These locations are outside BRSR scope but relevant for Scope 3
Minda Corporation Limited,Automobile and Auto Components,Distribution/Service Location,15,High,0.7,These locations are outside BRSR scope but relevant for Scope 3
Mishra Dhatu Nigam Limited,Capital Goods,Distribution/Service Location,1,High,0.7,These locations are outside BRSR scope but relevant for Scope 3
MOIL Limited,Metals & Mining,Distribution/Service Location,11,High,0.7,These locations are outside BRSR scope but relevant for Scope 3
Motherson Sumi Wiring India Limited,Automobile and Auto Components,Distribution/Service Location,27,High,0.7,These locations are outside BRSR scope but relevant for Scope 3
MRF Limited,Automobile and Auto Components,Distribution/Service Location,9,High,0.7,These locations are outside BRSR scope but relevant for Scope 3
MUTHOOT FINANCE LIMITED,Financial Services,Bank Branch,4854,High,0.5,These locations are outside BRSR scope but relevant for Scope 3
Narayana Hrudayalaya Ltd,,Distribution/Service Location,36,High,0.7,These locations are outside BRSR scope but relevant for Scope 3
NATCO Pharma Limited,Healthcare,Clinic/Pharmacy,9,High,1.2,These locations are outside BRSR scope but relevant for Scope 3
NAVA LIMITED,Power,Distribution/Service Location,5,High,0.7,These locations are outside BRSR scope but relevant for Scope 3
Navin Fluorine International Limited,Chemicals,Distribution/Service Location,2,High,0.7,These locations are outside BRSR scope but relevant for Scope 3
Nestle India Limited,Fast Moving Consumer Goods,Retail Store,6,High,1.0,These locations are outside BRSR scope but relevant for Scope 3
NETWEB TECHNOLOGIES INDIA LIMITED,Information Technology,Distribution/Service Location,1,High,0.7,These locations are outside BRSR scope but relevant for Scope 3
Neuland Laboratories Limited,Healthcare,Clinic/Pharmacy,2,High,1.2,These locations are outside BRSR scope but relevant for Scope 3
NHPC Limited,Power,Distribution/Service Location,31,High,0.7,These locations are outside BRSR scope but relevant for Scope 3
NLC India Limited,Power,Distribution/Service Location,13,High,0.7,These locations are outside BRSR scope but relevant for Scope 3
NMDC Limited,Metals & Mining,Distribution/Service Location,3,High,0.7,These locations are outside BRSR scope but relevant for Scope 3
NTPC LIMITED,Power,Distribution/Service Location,32,High,0.7,These locations are outside BRSR scope but relevant for Scope 3
Nuvoco Vistas Corporation Limited,Construction Materials,Distribution/Service Location,68,High,0.7,These locations are outside BRSR scope but relevant for Scope 3
Oberoi Realty Limited,Realty,Distribution/Service Location,13,High,0.7,These locations are outside BRSR scope but relevant for Scope 3
Oil India Limited,Oil Gas & Consumable Fuels,Distribution/Service Location,152,High,0.7,These locations are outside BRSR scope but relevant for Scope 3
Olectra Greentech Limited,Automobile and Auto Components,Distribution/Service Location,2,High,0.7,These locations are outside BRSR scope but relevant for Scope 3
Page Industries Limited,Textiles,Distribution/Service Location,3,High,0.7,These locations are outside BRSR scope but relevant for Scope 3
PATANJALI FOODS LIMITED,Fast Moving Consumer Goods,Retail Store,24,High,1.0,These locations are outside BRSR scope but relevant for Scope 3
Pidilite Industries Limited,Chemicals,Distribution/Service Location,30,High,0.7,These locations are outside BRSR scope but relevant for Scope 3
Piramal Pharma Limited,Healthcare,Clinic/Pharmacy,8,High,1.2,These locations are outside BRSR scope but relevant for Scope 3
PI INDUSTRIES LIMITED,Chemicals,Distribution/Service Location,2,High,0.7,These locations are outside BRSR scope but relevant for Scope 3
Polycab India Limited,Capital Goods,Distribution/Service Location,59,High,0.7,These locations are outside BRSR scope but relevant for Scope 3
POLY MEDICURE LIMITED,Healthcare,Clinic/Pharmacy,8,High,1.2,These locations are outside BRSR scope but relevant for Scope 3
Poonawalla Fincorp Limited,Financial Services,Bank Branch,100,High,0.5,These locations are outside BRSR scope but relevant for Scope 3
Power Grid Corporation of India Limited,Power,Distribution/Service Location,280,High,0.7,These locations are outside BRSR scope but relevant for Scope 3
Praj Industries Limited,Capital Goods,Distribution/Service Location,6,High,0.7,These locations are outside BRSR scope but relevant for Scope 3
Prism Johnson Limited,Construction Materials,Distribution/Service Location,217,High,0.7,These locations are outside BRSR scope but relevant for Scope 3
PVR INOX LIMITED,Media Entertainment & Publication,Distribution/Service Location,349,High,0.7,These locations are outside BRSR scope but relevant for Scope 3
Radico Khaitan Limited,Fast Moving Consumer Goods,Retail Store,43,High,1.0,These locations are outside BRSR scope but relevant for Scope 3
Ramkrishna Forgings Limited,Automobile and Auto Components,Distribution/Service Location,8,High,0.7,These locations are outside BRSR scope but relevant for Scope 3
Ratnamani Metals  Tubes Limited,,Distribution/Service Location,1,High,0.7,These locations are outside BRSR scope but relevant for Scope 3
Relaxo Footwears Limited,Consumer Durables,Distribution/Service Location,8,High,0.7,These locations are outside BRSR scope but relevant for Scope 3
Reliance Industries Limited,Oil Gas & Consumable Fuels,Distribution/Service Location,13,High,0.7,These locations are outside BRSR scope but relevant for Scope 3
Reliance Infrastructure Limited,Power,Distribution/Service Location,1,High,0.7,These locations are outside BRSR scope but relevant for Scope 3
RELIANCE POWER LIMITED,Power,Distribution/Service Location,4,High,0.7,These locations are outside BRSR scope but relevant for Scope 3
RHI Magnesita India Ltd,Capital Goods,Distribution/Service Location,1,High,0.7,These locations are outside BRSR scope but relevant for Scope 3
R R Kabel Limited,Capital Goods,Distribution/Service Location,3,High,0.7,These locations are outside BRSR scope but relevant for Scope 3
Safari Industries India Limited,,Distribution/Service Location,2,High,0.7,These locations are outside BRSR scope but relevant for Scope 3
SAMVARDHANA MOTHERSON INTERNATIONAL LIMITED,Automobile and Auto Components,Distribution/Service Location,94,High,0.7,These locations are outside BRSR scope but relevant for Scope 3
SAPPHIRE FOODS INDIA LIMITED,Consumer Services,Retail Store,847,High,1.0,These locations are outside BRSR scope but relevant for Scope 3
SARDA ENERGY  MINERALS LIMITED,,Distribution/Service Location,1,High,0.7,These locations are outside BRSR scope but relevant for Scope 3
Schaeffler India Limited,Automobile and Auto Components,Distribution/Service Location,3,High,0.7,These locations are outside BRSR scope but relevant for Scope 3
Schneider Electric Infrastructure Limited,Capital Goods,Distribution/Service Location,1,High,0.7,These locations are outside BRSR scope but relevant for Scope 3
Sheela Foam Limited,Consumer Durables,Distribution/Service Location,7,High,0.7,These locations are outside BRSR scope but relevant for Scope 3
Shree Renuka Sugars Limited,Fast Moving Consumer Goods,Retail Store,7,High,1.0,These locations are outside BRSR scope but relevant for Scope 3
Shyam Metalics and Energy Limited,Capital Goods,Distribution/Service Location,6,High,0.7,These locations are outside BRSR scope but relevant for Scope 3
Siemens Limited,Capital Goods,Distribution/Service Location,17,High,0.7,These locations are outside BRSR scope but relevant for Scope 3
Signatureglobal India Limited,,Distribution/Service Location,24,High,0.7,These locations are outside BRSR scope but relevant for Scope 3
SJVN Limited,Power,Distribution/Service Location,8,High,0.7,These locations are outside BRSR scope but relevant for Scope 3
SKF INDIA LIMITED,,Distribution/Service Location,2,High,0.7,These locations are outside BRSR scope but relevant for Scope 3
Sobha Limited,Realty,Distribution/Service Location,66,High,0.7,These locations are outside BRSR scope but relevant for Scope 3
Solar Industries India Limited,Chemicals,Distribution/Service Location,25,High,0.7,These locations are outside BRSR scope but relevant for Scope 3
Sona BLW Precision Forgings Limited,Automobile and Auto Components,Distribution/Service Location,5,High,0.7,These locations are outside BRSR scope but relevant for Scope 3
SRF LIMITED,Chemicals,Distribution/Service Location,8,High,0.7,These locations are outside BRSR scope but relevant for Scope 3
Star Cement Limited,Construction Materials,Distribution/Service Location,5,High,0.7,These locations are outside BRSR scope but relevant for Scope 3
Steel Authority of India Limited,Metals & Mining,Distribution/Service Location,8,High,0.7,These locations are outside BRSR scope but relevant for Scope 3
Sterling and Wilson Renewable Energy Limited,Construction,Distribution/Service Location,170,High,0.7,These locations are outside BRSR scope but relevant for Scope 3
SUMITOMO CHEMICAL INDIA LIMITED,Chemicals,Distribution/Service Location,2,High,0.7,These locations are outside BRSR scope but relevant for Scope 3
Sundram Fasteners Limited,Automobile and Auto Components,Distribution/Service Location,17,High,0.7,These locations are outside BRSR scope but relevant for Scope 3
Sun Pharmaceutical Industries Limited,Healthcare,Clinic/Pharmacy,14,High,1.2,These locations are outside BRSR scope but relevant for Scope 3
Sun Pharma Advanced Research Company Limited,Healthcare,Clinic/Pharmacy,2,High,1.2,These locations are outside BRSR scope but relevant for Scope 3
Supreme Industries Limited,Capital Goods,Distribution/Service Location,28,High,0.7,These locations are outside BRSR scope but relevant for Scope 3
SUPREME PETROCHEM LIMITED,,Distribution/Service Location,1,High,0.7,These locations are outside BRSR scope but relevant for Scope 3
SUZLON ENERGY LIMITED,Capital Goods,Distribution/Service Location,11,High,0.7,These locations are outside BRSR scope but relevant for Scope 3
Syngene International Limited,Healthcare,Clinic/Pharmacy,6,High,1.2,These locations are outside BRSR scope but relevant for Scope 3
Syrma SGS Technology Limited,Capital Goods,Distribution/Service Location,13,High,0.7,These locations are outside BRSR scope but relevant for Scope 3
TATA CHEMICALS LIMITED,Chemicals,Distribution/Service Location,8,High,0.7,These locations are outside BRSR scope but relevant for Scope 3
Tata Consumer Products Limited,Fast Moving Consumer Goods,Retail Store,133,High,1.0,These locations are outside BRSR scope but relevant for Scope 3
Tata Motors Limited,,Distribution/Service Location,6,High,0.7,These locations are outside BRSR scope but relevant for Scope 3
Tata Steel Limited,Metals & Mining,Distribution/Service Location,73,High,0.7,These locations are outside BRSR scope but relevant for Scope 3
Techno Electric  Engineering Company Limited,,Distribution/Service Location,48,High,0.7,These locations are outside BRSR scope but relevant for Scope 3
TEGA INDUSTRIES LIMITED,Capital Goods,Distribution/Service Location,2,High,0.7,These locations are outside BRSR scope but relevant for Scope 3
Thermax Limited,Capital Goods,Distribution/Service Location,5,High,0.7,These locations are outside BRSR scope but relevant for Scope 3
The Ramco Cements Limited,Construction Materials,Distribution/Service Location,20,High,0.7,These locations are outside BRSR scope but relevant for Scope 3
Timken India Limited,Capital Goods,Distribution/Service Location,1,High,0.7,These locations are outside BRSR scope but relevant for Scope 3
TITAGARH RAIL SYSTEMS LIMITED,Capital Goods,Distribution/Service Location,1,High,0.7,These locations are outside BRSR scope but relevant for Scope 3
Titan Company Limited,Consumer Durables,Distribution/Service Location,4,High,0.7,These locations are outside BRSR scope but relevant for Scope 3
Torrent Pharmaceuticals Limited,Healthcare,Clinic/Pharmacy,7,High,1.2,These locations are outside BRSR scope but relevant for Scope 3
Torrent Power Limited,Power,Distribution/Service Location,33,High,0.7,These locations are outside BRSR scope but relevant for Scope 3
Triveni Engineering  Industries Limited,,Distribution/Service Location,18,High,0.7,These locations are outside BRSR scope but relevant for Scope 3
TTK PRESTIGE LIMITED,,Distribution/Service Location,4,High,0.7,These locations are outside BRSR scope but relevant for Scope 3
Tube Investments of India Limited,Automobile and Auto Components,Distribution/Service Location,25,High,0.7,These locations are outside BRSR scope but relevant for Scope 3
TVS Motor Company Limited,Automobile and Auto Components,Distribution/Service Location,1,High,0.7,These locations are outside BRSR scope but relevant for Scope 3
TVS Supply Chain Solutions Limited,Services,Distribution/Service Location,196,High,0.7,These locations are outside BRSR scope but relevant for Scope 3
UltraTech Cement Limited,Construction Materials,Distribution/Service Location,547,High,0.7,These locations are outside BRSR scope but relevant for Scope 3
UNITED BREWERIES LIMITED,Fast Moving Consumer Goods,Retail Store,20,High,1.0,These locations are outside BRSR scope but relevant for Scope 3
United Spirits Limited,Fast Moving Consumer Goods,Retail Store,20,High,1.0,These locations are outside BRSR scope but relevant for Scope 3
Uno Minda Limited,Automobile and Auto Components,Distribution/Service Location,38,High,0.7,These locations are outside BRSR scope but relevant for Scope 3
UPL LIMITED,Chemicals,Distribution/Service Location,14,High,0.7,These locations are outside BRSR scope but relevant for Scope 3
V-GUARD INDUSTRIES LIMITED,Consumer Durables,Distribution/Service Location,8,High,0.7,These locations are outside BRSR scope but relevant for Scope 3
VALOR ESTATE LIMITED,Consumer Services,Retail Store,5,High,1.0,These locations are outside BRSR scope but relevant for Scope 3
Varroc Engineering Limited,Automobile and Auto Components,Distribution/Service Location,24,High,0.7,These locations are outside BRSR scope but relevant for Scope 3
Varun Beverages Limited,Fast Moving Consumer Goods,Retail Store,36,High,1.0,These locations are outside BRSR scope but relevant for Scope 3
Vedanta Limited,Metals & Mining,Distribution/Service Location,93,High,0.7,These locations are outside BRSR scope but relevant for Scope 3
Vedant Fashions Limited,Consumer Services,Retail Store,8,High,1.0,These locations are outside BRSR scope but relevant for Scope 3
Vesuvius India Limited,Capital Goods,Distribution/Service Location,4,High,0.7,These locations are outside BRSR scope but relevant for Scope 3
Vinati Organics Limited,Chemicals,Distribution/Service Location,1,High,0.7,These locations are outside BRSR scope but relevant for Scope 3
VIP INDUSTRIES LIMITED,Consumer Durables,Distribution/Service Location,1,High,0.7,These locations are outside BRSR scope but relevant for Scope 3
Voltamp Transformers Limited,Capital Goods,Distribution/Service Location,1,High,0.7,These locations are outside BRSR scope but relevant for Scope 3
Voltas Limited,Consumer Durables,Distribution/Service Location,4,High,0.7,These locations are outside BRSR scope but relevant for Scope 3
Waaree Renewable Technologies Limited,Capital Goods,Distribution/Service Location,47,High,0.7,These locations are outside BRSR scope but relevant for Scope 3
Welspun Corp Limited,Capital Goods,Distribution/Service Location,1,High,0.7,These locations are outside BRSR scope but relevant for Scope 3
Whirlpool of India Limited,Consumer Durables,Distribution/Service Location,1,High,0.7,These locations are outside BRSR scope but relevant for Scope 3
Wockhardt Limited,Healthcare,Clinic/Pharmacy,5,High,1.2,These locations are outside BRSR scope but relevant for Scope 3
ZF Commercial Vehicle Control Systems India Limited,Automobile and Auto Components,Distribution/Service Location,4,High,0.7,These locations are outside BRSR scope but relevant for Scope 3
Zydus Lifesciences Limited,Healthcare,Clinic/Pharmacy,34,High,1.2,These locations are outside BRSR scope but relevant for Scope 3
Zydus Wellness Limited,Fast Moving Consumer Goods,Retail Store,2,High,1.0,These locations are outside BRSR scope but relevant for Scope 3
